epsilon_L,epsilon_R,lambda,TUR,I,I_var,J_QH,P,eff,sigma,omega,u_intra,u_inter,V_B,gammaL,gammaR,T_L,T_R
-100.0,-99.0,0.0,,,,,,,,0.105,500,300,50,0.1,0.1,10,1
-77.777778,-76.777778,0.0,,,,,,,,0.105,500,300,50,0.1,0.1,10,1
-55.555556,-54.555556,0.0,,,,,,,,0.105,500,300,50,0.1,0.1,10,1
-33.333333,-32.333333,0.0,,,,,,,,0.105,500,300,50,0.1,0.1,10,1
-11.111111,-10.111111,0.0,,,,,,,,0.105,500,300,50,0.1,0.1,10,1
11.111111,12.111111,0.0,,,,,,,,0.105,500,300,50,0.1,0.1,10,1
33.333333,34.333333,0.0,3.308052,1.1e-05,1.2e-05,0.000641,0.000545,0.85005,3.2e-05,0.105,500,300,50,0.1,0.1,10,1
55.555556,56.555556,0.0,22.925649,1e-06,1e-06,0.000102,6.3e-05,0.617062,2.9e-05,0.105,500,300,50,0.1,0.1,10,1
77.777778,78.777778,0.0,42.926177,0.0,0.0,1.4e-05,7e-06,0.484255,6e-06,0.105,500,300,50,0.1,0.1,10,1
100.0,101.0,0.0,62.926284,0.0,0.0,2e-06,1e-06,0.39849,1e-06,0.105,500,300,50,0.1,0.1,10,1
-100.0,-99.0,0.090909,,,,,,,,0.105,500,300,50,0.1,0.1,10,1
-77.777778,-76.777778,0.090909,,,,,,,,0.105,500,300,50,0.1,0.1,10,1
-55.555556,-54.555556,0.090909,,,,,,,,0.105,500,300,50,0.1,0.1,10,1
-33.333333,-32.333333,0.090909,,,,,,,,0.105,500,300,50,0.1,0.1,10,1
-11.111111,-10.111111,0.090909,,,,,,,,0.105,500,300,50,0.1,0.1,10,1
11.111111,12.111111,0.090909,,,,,,,,0.105,500,300,50,0.1,0.1,10,1
33.333333,34.333333,0.090909,3.640202,1.7e-05,1.8e-05,0.000989,0.000834,0.842573,5.7e-05,0.105,500,300,50,0.1,0.1,10,1
55.555556,56.555556,0.090909,23.406945,2e-06,2e-06,0.000154,9.4e-05,0.613014,4.4e-05,0.105,500,300,50,0.1,0.1,10,1
77.777778,78.777778,0.090909,43.407627,0.0,0.0,2.1e-05,1e-05,0.481758,9e-06,0.105,500,300,50,0.1,0.1,10,1
100.0,101.0,0.090909,63.407772,0.0,0.0,3e-06,1e-06,0.396798,1e-06,0.105,500,300,50,0.1,0.1,10,1
-100.0,-99.0,0.181818,,,,,,,,0.105,500,300,50,0.1,0.1,10,1
-77.777778,-76.777778,0.181818,,,,,,,,0.105,500,300,50,0.1,0.1,10,1
-55.555556,-54.555556,0.181818,,,,,,,,0.105,500,300,50,0.1,0.1,10,1
-33.333333,-32.333333,0.181818,,,,,,,,0.105,500,300,50,0.1,0.1,10,1
-11.111111,-10.111111,0.181818,,,,,,,,0.105,500,300,50,0.1,0.1,10,1
11.111111,12.111111,0.181818,,,,,,,,0.105,500,300,50,0.1,0.1,10,1
33.333333,34.333333,0.181818,3.559833,3.8e-05,4.2e-05,0.002278,0.001923,0.844442,0.000127,0.105,500,300,50,0.1,0.1,10,1
55.555556,56.555556,0.181818,23.282528,4e-06,4e-06,0.000356,0.000219,0.614046,0.000102,0.105,500,300,50,0.1,0.1,10,1
77.777778,78.777778,0.181818,43.284068,0.0,0.0,4.9e-05,2.4e-05,0.482396,2.1e-05,0.105,500,300,50,0.1,0.1,10,1
100.0,101.0,0.181818,63.284393,0.0,0.0,6e-06,3e-06,0.39723,3e-06,0.105,500,300,50,0.1,0.1,10,1
-100.0,-99.0,0.272727,,,,,,,,0.105,500,300,50,0.1,0.1,10,1
-77.777778,-76.777778,0.272727,,,,,,,,0.105,500,300,50,0.1,0.1,10,1
-55.555556,-54.555556,0.272727,,,,,,,,0.105,500,300,50,0.1,0.1,10,1
-33.333333,-32.333333,0.272727,,,,,,,,0.105,500,300,50,0.1,0.1,10,1
-11.111111,-10.111111,0.272727,,,,,,,,0.105,500,300,50,0.1,0.1,10,1
11.111111,12.111111,0.272727,,,,,,,,0.105,500,300,50,0.1,0.1,10,1
33.333333,34.333333,0.272727,3.47002,7.5e-05,8.2e-05,0.004411,0.003734,0.846442,0.000236,0.105,500,300,50,0.1,0.1,10,1
55.555556,56.555556,0.272727,23.1511,9e-06,9e-06,0.000695,0.000428,0.615135,0.000198,0.105,500,300,50,0.1,0.1,10,1
77.777778,78.777778,0.272727,43.153998,1e-06,1e-06,9.6e-05,4.6e-05,0.483067,4e-05,0.105,500,300,50,0.1,0.1,10,1
100.0,101.0,0.272727,63.154612,0.0,0.0,1.3e-05,5e-06,0.397686,6e-06,0.105,500,300,50,0.1,0.1,10,1
-100.0,-99.0,0.363636,,,,,,,,0.105,500,300,50,0.1,0.1,10,1
-77.777778,-76.777778,0.363636,,,,,,,,0.105,500,300,50,0.1,0.1,10,1
-55.555556,-54.555556,0.363636,,,,,,,,0.105,500,300,50,0.1,0.1,10,1
-33.333333,-32.333333,0.363636,,,,,,,,0.105,500,300,50,0.1,0.1,10,1
-11.111111,-10.111111,0.363636,,,,,,,,0.105,500,300,50,0.1,0.1,10,1
11.111111,12.111111,0.363636,,,,,,,,0.105,500,300,50,0.1,0.1,10,1
33.333333,34.333333,0.363636,3.410963,0.000122,0.000135,0.007222,0.006122,0.847693,0.000378,0.105,500,300,50,0.1,0.1,10,1
55.555556,56.555556,0.363636,23.069113,1.4e-05,1.4e-05,0.001143,0.000704,0.615808,0.000325,0.105,500,300,50,0.1,0.1,10,1
77.777778,78.777778,0.363636,43.073657,2e-06,2e-06,0.000158,7.6e-05,0.483482,6.6e-05,0.105,500,300,50,0.1,0.1,10,1
100.0,101.0,0.363636,63.074624,0.0,0.0,2.1e-05,8e-06,0.397967,1e-05,0.105,500,300,50,0.1,0.1,10,1
-100.0,-99.0,0.454545,,,,,,,,0.105,500,300,50,0.1,0.1,10,1
-77.777778,-76.777778,0.454545,,,,,,,,0.105,500,300,50,0.1,0.1,10,1
-55.555556,-54.555556,0.454545,,,,,,,,0.105,500,300,50,0.1,0.1,10,1
-33.333333,-32.333333,0.454545,,,,,,,,0.105,500,300,50,0.1,0.1,10,1
-11.111111,-10.111111,0.454545,,,,,,,,0.105,500,300,50,0.1,0.1,10,1
11.111111,12.111111,0.454545,,,,,,,,0.105,500,300,50,0.1,0.1,10,1
33.333333,34.333333,0.454545,3.372497,0.000178,0.000198,0.0105,0.008909,0.848473,0.000541,0.105,500,300,50,0.1,0.1,10,1
55.555556,56.555556,0.454545,23.017582,2.1e-05,2.1e-05,0.001667,0.001027,0.616224,0.000473,0.105,500,300,50,0.1,0.1,10,1
77.777778,78.777778,0.454545,43.023827,2e-06,2e-06,0.00023,0.000111,0.483739,9.6e-05,0.105,500,300,50,0.1,0.1,10,1
100.0,101.0,0.454545,63.02516,0.0,0.0,3e-05,1.2e-05,0.398141,1.5e-05,0.105,500,300,50,0.1,0.1,10,1
-100.0,-99.0,0.545455,,,,,,,,0.105,500,300,50,0.1,0.1,10,1
-77.777778,-76.777778,0.545455,,,,,,,,0.105,500,300,50,0.1,0.1,10,1
-55.555556,-54.555556,0.545455,,,,,,,,0.105,500,300,50,0.1,0.1,10,1
-33.333333,-32.333333,0.545455,,,,,,,,0.105,500,300,50,0.1,0.1,10,1
-11.111111,-10.111111,0.545455,,,,,,,,0.105,500,300,50,0.1,0.1,10,1
11.111111,12.111111,0.545455,,,,,,,,0.105,500,300,50,0.1,0.1,10,1
33.333333,34.333333,0.545455,3.346698,0.000238,0.000265,0.014034,0.011915,0.848978,0.000716,0.105,500,300,50,0.1,0.1,10,1
55.555556,56.555556,0.545455,22.983852,2.8e-05,2.8e-05,0.002233,0.001376,0.616492,0.000633,0.105,500,300,50,0.1,0.1,10,1
77.777778,78.777778,0.545455,42.991648,3e-06,3e-06,0.000308,0.000149,0.483904,0.000128,0.105,500,300,50,0.1,0.1,10,1
100.0,101.0,0.545455,62.993313,0.0,0.0,4.1e-05,1.6e-05,0.398253,2e-05,0.105,500,300,50,0.1,0.1,10,1
-100.0,-99.0,0.636364,,,,,,,,0.105,500,300,50,0.1,0.1,10,1
-77.777778,-76.777778,0.636364,,,,,,,,0.105,500,300,50,0.1,0.1,10,1
-55.555556,-54.555556,0.636364,,,,,,,,0.105,500,300,50,0.1,0.1,10,1
-33.333333,-32.333333,0.636364,,,,,,,,0.105,500,300,50,0.1,0.1,10,1
-11.111111,-10.111111,0.636364,,,,,,,,0.105,500,300,50,0.1,0.1,10,1
11.111111,12.111111,0.636364,,,,,,,,0.105,500,300,50,0.1,0.1,10,1
33.333333,34.333333,0.636364,3.328872,0.0003,0.000334,0.017641,0.014983,0.849317,0.000894,0.105,500,300,50,0.1,0.1,10,1
55.555556,56.555556,0.636364,22.960907,3.5e-05,3.5e-05,0.00281,0.001733,0.616673,0.000796,0.105,500,300,50,0.1,0.1,10,1
77.777778,78.777778,0.636364,42.969974,4e-06,4e-06,0.000388,0.000188,0.484015,0.000161,0.105,500,300,50,0.1,0.1,10,1
100.0,101.0,0.636364,62.971913,0.0,0.0,5.1e-05,2e-05,0.398328,2.6e-05,0.105,500,300,50,0.1,0.1,10,1
-100.0,-99.0,0.727273,,,,,,,,0.105,500,300,50,0.1,0.1,10,1
-77.777778,-76.777778,0.727273,,,,,,,,0.105,500,300,50,0.1,0.1,10,1
-55.555556,-54.555556,0.727273,,,,,,,,0.105,500,300,50,0.1,0.1,10,1
-33.333333,-32.333333,0.727273,,,,,,,,0.105,500,300,50,0.1,0.1,10,1
-11.111111,-10.111111,0.727273,,,,,,,,0.105,500,300,50,0.1,0.1,10,1
11.111111,12.111111,0.727273,,,,,,,,0.105,500,300,50,0.1,0.1,10,1
33.333333,34.333333,0.727273,3.316128,0.00036,0.000402,0.021182,0.017996,0.849558,0.001068,0.105,500,300,50,0.1,0.1,10,1
55.555556,56.555556,0.727273,22.944626,4.2e-05,4.2e-05,0.003377,0.002083,0.6168,0.000956,0.105,500,300,50,0.1,0.1,10,1
77.777778,78.777778,0.727273,42.954631,5e-06,5e-06,0.000467,0.000226,0.484094,0.000194,0.105,500,300,50,0.1,0.1,10,1
100.0,101.0,0.727273,62.956773,0.0,0.0,6.1e-05,2.4e-05,0.398381,3.1e-05,0.105,500,300,50,0.1,0.1,10,1
-100.0,-99.0,0.818182,,,,,,,,0.105,500,300,50,0.1,0.1,10,1
-77.777778,-76.777778,0.818182,,,,,,,,0.105,500,300,50,0.1,0.1,10,1
-55.555556,-54.555556,0.818182,,,,,,,,0.105,500,300,50,0.1,0.1,10,1
-33.333333,-32.333333,0.818182,,,,,,,,0.105,500,300,50,0.1,0.1,10,1
-11.111111,-10.111111,0.818182,,,,,,,,0.105,500,300,50,0.1,0.1,10,1
11.111111,12.111111,0.818182,,,,,,,,0.105,500,300,50,0.1,0.1,10,1
33.333333,34.333333,0.818182,3.306567,0.000417,0.000467,0.024563,0.020873,0.849741,0.001235,0.105,500,300,50,0.1,0.1,10,1
55.555556,56.555556,0.818182,22.9324,4.8e-05,4.8e-05,0.003918,0.002417,0.616897,0.001109,0.105,500,300,50,0.1,0.1,10,1
77.777778,78.777778,0.818182,42.943017,5e-06,5e-06,0.000541,0.000262,0.484154,0.000225,0.105,500,300,50,0.1,0.1,10,1
100.0,101.0,0.818182,62.945291,1e-06,1e-06,7.1e-05,2.8e-05,0.398421,3.6e-05,0.105,500,300,50,0.1,0.1,10,1
-100.0,-99.0,0.909091,,,,,,,,0.105,500,300,50,0.1,0.1,10,1
-77.777778,-76.777778,0.909091,,,,,,,,0.105,500,300,50,0.1,0.1,10,1
-55.555556,-54.555556,0.909091,,,,,,,,0.105,500,300,50,0.1,0.1,10,1
-33.333333,-32.333333,0.909091,,,,,,,,0.105,500,300,50,0.1,0.1,10,1
-11.111111,-10.111111,0.909091,,,,,,,,0.105,500,300,50,0.1,0.1,10,1
11.111111,12.111111,0.909091,,,,,,,,0.105,500,300,50,0.1,0.1,10,1
33.333333,34.333333,0.909091,3.298879,0.000471,0.000527,0.027728,0.023566,0.849893,0.001389,0.105,500,300,50,0.1,0.1,10,1
55.555556,56.555556,0.909091,22.922486,5.5e-05,5.5e-05,0.004426,0.00273,0.616977,0.001253,0.105,500,300,50,0.1,0.1,10,1
77.777778,78.777778,0.909091,42.933426,6e-06,6e-06,0.000612,0.000296,0.484203,0.000254,0.105,500,300,50,0.1,0.1,10,1
100.0,101.0,0.909091,62.935771,1e-06,1e-06,8.1e-05,3.2e-05,0.398455,4e-05,0.105,500,300,50,0.1,0.1,10,1
-100.0,-99.0,1.0,,,,,,,,0.105,500,300,50,0.1,0.1,10,1
-77.777778,-76.777778,1.0,,,,,,,,0.105,500,300,50,0.1,0.1,10,1
-55.555556,-54.555556,1.0,,,,,,,,0.105,500,300,50,0.1,0.1,10,1
-33.333333,-32.333333,1.0,,,,,,,,0.105,500,300,50,0.1,0.1,10,1
-11.111111,-10.111111,1.0,,,,,,,,0.105,500,300,50,0.1,0.1,10,1
11.111111,12.111111,1.0,,,,,,,,0.105,500,300,50,0.1,0.1,10,1
33.333333,34.333333,1.0,3.292137,0.000521,0.000584,0.03065,0.026053,0.850032,0.001532,0.105,500,300,50,0.1,0.1,10,1
55.555556,56.555556,1.0,22.91368,6e-05,6e-05,0.004894,0.00302,0.617051,0.001385,0.105,500,300,50,0.1,0.1,10,1
77.777778,78.777778,1.0,42.924707,7e-06,7e-06,0.000676,0.000327,0.484248,0.000281,0.105,500,300,50,0.1,0.1,10,1
100.0,101.0,1.0,62.927072,1e-06,1e-06,8.9e-05,3.5e-05,0.398486,4.5e-05,0.105,500,300,50,0.1,0.1,10,1
-100.0,-99.0,0.0,,,,,,,,0.105,500,300,50,0.1,0.105,10,1
-77.777778,-76.777778,0.0,,,,,,,,0.105,500,300,50,0.1,0.105,10,1
-55.555556,-54.555556,0.0,,,,,,,,0.105,500,300,50,0.1,0.105,10,1
-33.333333,-32.333333,0.0,,,,,,,,0.105,500,300,50,0.1,0.105,10,1
-11.111111,-10.111111,0.0,,,,,,,,0.105,500,300,50,0.1,0.105,10,1
11.111111,12.111111,0.0,,,,,,,,0.105,500,300,50,0.1,0.105,10,1
33.333333,34.333333,0.0,3.299658,1.1e-05,1.3e-05,0.000657,0.000558,0.850227,3.3e-05,0.105,500,300,50,0.1,0.105,10,1
55.555556,56.555556,0.0,22.914703,1e-06,1e-06,0.000105,6.5e-05,0.617154,3e-05,0.105,500,300,50,0.1,0.105,10,1
77.777778,78.777778,0.0,42.915232,0.0,0.0,1.5e-05,7e-06,0.484312,6e-06,0.105,500,300,50,0.1,0.105,10,1
100.0,101.0,0.0,62.915339,0.0,0.0,2e-06,1e-06,0.398529,1e-06,0.105,500,300,50,0.1,0.105,10,1
-100.0,-99.0,0.090909,,,,,,,,0.105,500,300,50,0.1,0.105,10,1
-77.777778,-76.777778,0.090909,,,,,,,,0.105,500,300,50,0.1,0.105,10,1
-55.555556,-54.555556,0.090909,,,,,,,,0.105,500,300,50,0.1,0.105,10,1
-33.333333,-32.333333,0.090909,,,,,,,,0.105,500,300,50,0.1,0.105,10,1
-11.111111,-10.111111,0.090909,,,,,,,,0.105,500,300,50,0.1,0.105,10,1
11.111111,12.111111,0.090909,,,,,,,,0.105,500,300,50,0.1,0.105,10,1
33.333333,34.333333,0.090909,3.640243,1.7e-05,1.8e-05,0.000991,0.000835,0.842573,5.7e-05,0.105,500,300,50,0.1,0.105,10,1
55.555556,56.555556,0.090909,23.406969,2e-06,2e-06,0.000154,9.4e-05,0.613014,4.4e-05,0.105,500,300,50,0.1,0.105,10,1
77.777778,78.777778,0.090909,43.407622,0.0,0.0,2.1e-05,1e-05,0.481759,9e-06,0.105,500,300,50,0.1,0.105,10,1
100.0,101.0,0.090909,63.40776,0.0,0.0,3e-06,1e-06,0.396798,1e-06,0.105,500,300,50,0.1,0.105,10,1
-100.0,-99.0,0.181818,,,,,,,,0.105,500,300,50,0.1,0.105,10,1
-77.777778,-76.777778,0.181818,,,,,,,,0.105,500,300,50,0.1,0.105,10,1
-55.555556,-54.555556,0.181818,,,,,,,,0.105,500,300,50,0.1,0.105,10,1
-33.333333,-32.333333,0.181818,,,,,,,,0.105,500,300,50,0.1,0.105,10,1
-11.111111,-10.111111,0.181818,,,,,,,,0.105,500,300,50,0.1,0.105,10,1
11.111111,12.111111,0.181818,,,,,,,,0.105,500,300,50,0.1,0.105,10,1
33.333333,34.333333,0.181818,3.556711,3.9e-05,4.2e-05,0.002298,0.001941,0.844516,0.000128,0.105,500,300,50,0.1,0.105,10,1
55.555556,56.555556,0.181818,23.277725,4e-06,4e-06,0.000359,0.000221,0.614087,0.000103,0.105,500,300,50,0.1,0.105,10,1
77.777778,78.777778,0.181818,43.279222,0.0,0.0,5e-05,2.4e-05,0.482421,2.1e-05,0.105,500,300,50,0.1,0.105,10,1
100.0,101.0,0.181818,63.279538,0.0,0.0,7e-06,3e-06,0.397247,3e-06,0.105,500,300,50,0.1,0.105,10,1
-100.0,-99.0,0.272727,,,,,,,,0.105,500,300,50,0.1,0.105,10,1
-77.777778,-76.777778,0.272727,,,,,,,,0.105,500,300,50,0.1,0.105,10,1
-55.555556,-54.555556,0.272727,,,,,,,,0.105,500,300,50,0.1,0.105,10,1
-33.333333,-32.333333,0.272727,,,,,,,,0.105,500,300,50,0.1,0.105,10,1
-11.111111,-10.111111,0.272727,,,,,,,,0.105,500,300,50,0.1,0.105,10,1
11.111111,12.111111,0.272727,,,,,,,,0.105,500,300,50,0.1,0.105,10,1
33.333333,34.333333,0.272727,3.464771,7.6e-05,8.3e-05,0.004483,0.003795,0.846561,0.00024,0.105,500,300,50,0.1,0.105,10,1
55.555556,56.555556,0.272727,23.143514,9e-06,9e-06,0.000707,0.000435,0.615199,0.000201,0.105,500,300,50,0.1,0.105,10,1
77.777778,78.777778,0.272727,43.146377,1e-06,1e-06,9.8e-05,4.7e-05,0.483107,4.1e-05,0.105,500,300,50,0.1,0.105,10,1
100.0,101.0,0.272727,63.146983,0.0,0.0,1.3e-05,5e-06,0.397712,6e-06,0.105,500,300,50,0.1,0.105,10,1
-100.0,-99.0,0.363636,,,,,,,,0.105,500,300,50,0.1,0.105,10,1
-77.777778,-76.777778,0.363636,,,,,,,,0.105,500,300,50,0.1,0.105,10,1
-55.555556,-54.555556,0.363636,,,,,,,,0.105,500,300,50,0.1,0.105,10,1
-33.333333,-32.333333,0.363636,,,,,,,,0.105,500,300,50,0.1,0.105,10,1
-11.111111,-10.111111,0.363636,,,,,,,,0.105,500,300,50,0.1,0.105,10,1
11.111111,12.111111,0.363636,,,,,,,,0.105,500,300,50,0.1,0.105,10,1
33.333333,34.333333,0.363636,3.405358,0.000125,0.000138,0.007371,0.006249,0.847816,0.000385,0.105,500,300,50,0.1,0.105,10,1
55.555556,56.555556,0.363636,23.061299,1.4e-05,1.4e-05,0.001168,0.000719,0.615874,0.000332,0.105,500,300,50,0.1,0.105,10,1
77.777778,78.777778,0.363636,43.065826,2e-06,2e-06,0.000161,7.8e-05,0.483523,6.7e-05,0.105,500,300,50,0.1,0.105,10,1
100.0,101.0,0.363636,63.066789,0.0,0.0,2.1e-05,8e-06,0.397994,1.1e-05,0.105,500,300,50,0.1,0.105,10,1
-100.0,-99.0,0.454545,,,,,,,,0.105,500,300,50,0.1,0.105,10,1
-77.777778,-76.777778,0.454545,,,,,,,,0.105,500,300,50,0.1,0.105,10,1
-55.555556,-54.555556,0.454545,,,,,,,,0.105,500,300,50,0.1,0.105,10,1
-33.333333,-32.333333,0.454545,,,,,,,,0.105,500,300,50,0.1,0.105,10,1
-11.111111,-10.111111,0.454545,,,,,,,,0.105,500,300,50,0.1,0.105,10,1
11.111111,12.111111,0.454545,,,,,,,,0.105,500,300,50,0.1,0.105,10,1
33.333333,34.333333,0.454545,3.367326,0.000182,0.000203,0.01074,0.009114,0.848585,0.000552,0.105,500,300,50,0.1,0.105,10,1
55.555556,56.555556,0.454545,23.010529,2.1e-05,2.1e-05,0.001706,0.001051,0.616284,0.000484,0.105,500,300,50,0.1,0.105,10,1
77.777778,78.777778,0.454545,43.016774,2e-06,2e-06,0.000236,0.000114,0.483775,9.8e-05,0.105,500,300,50,0.1,0.105,10,1
100.0,101.0,0.454545,63.018107,0.0,0.0,3.1e-05,1.2e-05,0.398165,1.6e-05,0.105,500,300,50,0.1,0.105,10,1
-100.0,-99.0,0.545455,,,,,,,,0.105,500,300,50,0.1,0.105,10,1
-77.777778,-76.777778,0.545455,,,,,,,,0.105,500,300,50,0.1,0.105,10,1
-55.555556,-54.555556,0.545455,,,,,,,,0.105,500,300,50,0.1,0.105,10,1
-33.333333,-32.333333,0.545455,,,,,,,,0.105,500,300,50,0.1,0.105,10,1
-11.111111,-10.111111,0.545455,,,,,,,,0.105,500,300,50,0.1,0.105,10,1
11.111111,12.111111,0.545455,,,,,,,,0.105,500,300,50,0.1,0.105,10,1
33.333333,34.333333,0.545455,3.342299,0.000244,0.000272,0.01437,0.012202,0.849072,0.000732,0.105,500,300,50,0.1,0.105,10,1
55.555556,56.555556,0.545455,22.977932,2.8e-05,2.8e-05,0.002287,0.00141,0.616542,0.000648,0.105,500,300,50,0.1,0.105,10,1
77.777778,78.777778,0.545455,42.985739,3e-06,3e-06,0.000316,0.000153,0.483935,0.000131,0.105,500,300,50,0.1,0.105,10,1
100.0,101.0,0.545455,62.987407,0.0,0.0,4.2e-05,1.7e-05,0.398273,2.1e-05,0.105,500,300,50,0.1,0.105,10,1
-100.0,-99.0,0.636364,,,,,,,,0.105,500,300,50,0.1,0.105,10,1
-77.777778,-76.777778,0.636364,,,,,,,,0.105,500,300,50,0.1,0.105,10,1
-55.555556,-54.555556,0.636364,,,,,,,,0.105,500,300,50,0.1,0.105,10,1
-33.333333,-32.333333,0.636364,,,,,,,,0.105,500,300,50,0.1,0.105,10,1
-11.111111,-10.111111,0.636364,,,,,,,,0.105,500,300,50,0.1,0.105,10,1
11.111111,12.111111,0.636364,,,,,,,,0.105,500,300,50,0.1,0.105,10,1
33.333333,34.333333,0.636364,3.325379,0.000307,0.000343,0.018072,0.01535,0.849392,0.000915,0.105,500,300,50,0.1,0.105,10,1
55.555556,56.555556,0.636364,22.956246,3.6e-05,3.5e-05,0.002879,0.001776,0.616712,0.000816,0.105,500,300,50,0.1,0.105,10,1
77.777778,78.777778,0.636364,42.965325,4e-06,4e-06,0.000398,0.000193,0.484039,0.000165,0.105,500,300,50,0.1,0.105,10,1
100.0,101.0,0.636364,62.967268,0.0,0.0,5.2e-05,2.1e-05,0.398344,2.6e-05,0.105,500,300,50,0.1,0.105,10,1
-100.0,-99.0,0.727273,,,,,,,,0.105,500,300,50,0.1,0.105,10,1
-77.777778,-76.777778,0.727273,,,,,,,,0.105,500,300,50,0.1,0.105,10,1
-55.555556,-54.555556,0.727273,,,,,,,,0.105,500,300,50,0.1,0.105,10,1
-33.333333,-32.333333,0.727273,,,,,,,,0.105,500,300,50,0.1,0.105,10,1
-11.111111,-10.111111,0.727273,,,,,,,,0.105,500,300,50,0.1,0.105,10,1
11.111111,12.111111,0.727273,,,,,,,,0.105,500,300,50,0.1,0.105,10,1
33.333333,34.333333,0.727273,3.31357,0.000369,0.000412,0.021703,0.018439,0.849612,0.001094,0.105,500,300,50,0.1,0.105,10,1
55.555556,56.555556,0.727273,22.941233,4.3e-05,4.3e-05,0.00346,0.002134,0.616829,0.00098,0.105,500,300,50,0.1,0.105,10,1
77.777778,78.777778,0.727273,42.951246,5e-06,5e-06,0.000478,0.000231,0.484111,0.000199,0.105,500,300,50,0.1,0.105,10,1
100.0,101.0,0.727273,62.95339,1e-06,1e-06,6.3e-05,2.5e-05,0.398393,3.2e-05,0.105,500,300,50,0.1,0.105,10,1
-100.0,-99.0,0.818182,,,,,,,,0.105,500,300,50,0.1,0.105,10,1
-77.777778,-76.777778,0.818182,,,,,,,,0.105,500,300,50,0.1,0.105,10,1
-55.555556,-54.555556,0.818182,,,,,,,,0.105,500,300,50,0.1,0.105,10,1
-33.333333,-32.333333,0.818182,,,,,,,,0.105,500,300,50,0.1,0.105,10,1
-11.111111,-10.111111,0.818182,,,,,,,,0.105,500,300,50,0.1,0.105,10,1
11.111111,12.111111,0.818182,,,,,,,,0.105,500,300,50,0.1,0.105,10,1
33.333333,34.333333,0.818182,3.30492,0.000428,0.000478,0.025167,0.021386,0.849776,0.001264,0.105,500,300,50,0.1,0.105,10,1
55.555556,56.555556,0.818182,22.930224,5e-05,5e-05,0.004015,0.002477,0.616916,0.001136,0.105,500,300,50,0.1,0.105,10,1
77.777778,78.777778,0.818182,42.940843,5e-06,5e-06,0.000555,0.000269,0.484165,0.000231,0.105,500,300,50,0.1,0.105,10,1
100.0,101.0,0.818182,62.943118,1e-06,1e-06,7.3e-05,2.9e-05,0.398429,3.7e-05,0.105,500,300,50,0.1,0.105,10,1
-100.0,-99.0,0.909091,,,,,,,,0.105,500,300,50,0.1,0.105,10,1
-77.777778,-76.777778,0.909091,,,,,,,,0.105,500,300,50,0.1,0.105,10,1
-55.555556,-54.555556,0.909091,,,,,,,,0.105,500,300,50,0.1,0.105,10,1
-33.333333,-32.333333,0.909091,,,,,,,,0.105,500,300,50,0.1,0.105,10,1
-11.111111,-10.111111,0.909091,,,,,,,,0.105,500,300,50,0.1,0.105,10,1
11.111111,12.111111,0.909091,,,,,,,,0.105,500,300,50,0.1,0.105,10,1
33.333333,34.333333,0.909091,3.298091,0.000483,0.00054,0.028409,0.024145,0.84991,0.001423,0.105,500,300,50,0.1,0.105,10,1
55.555556,56.555556,0.909091,22.921448,5.6e-05,5.6e-05,0.004534,0.002797,0.616986,0.001283,0.105,500,300,50,0.1,0.105,10,1
77.777778,78.777778,0.909091,42.932385,6e-06,6e-06,0.000626,0.000303,0.484208,0.00026,0.105,500,300,50,0.1,0.105,10,1
100.0,101.0,0.909091,62.934729,1e-06,1e-06,8.3e-05,3.3e-05,0.398459,4.1e-05,0.105,500,300,50,0.1,0.105,10,1
-100.0,-99.0,1.0,,,,,,,,0.105,500,300,50,0.1,0.105,10,1
-77.777778,-76.777778,1.0,,,,,,,,0.105,500,300,50,0.1,0.105,10,1
-55.555556,-54.555556,1.0,,,,,,,,0.105,500,300,50,0.1,0.105,10,1
-33.333333,-32.333333,1.0,,,,,,,,0.105,500,300,50,0.1,0.105,10,1
-11.111111,-10.111111,1.0,,,,,,,,0.105,500,300,50,0.1,0.105,10,1
11.111111,12.111111,1.0,,,,,,,,0.105,500,300,50,0.1,0.105,10,1
33.333333,34.333333,1.0,3.292144,0.000534,0.000598,0.0314,0.026691,0.850032,0.001569,0.105,500,300,50,0.1,0.105,10,1
55.555556,56.555556,1.0,22.913687,6.2e-05,6.2e-05,0.005014,0.003094,0.617051,0.001419,0.105,500,300,50,0.1,0.105,10,1
77.777778,78.777778,1.0,42.924709,7e-06,7e-06,0.000693,0.000335,0.484248,0.000288,0.105,500,300,50,0.1,0.105,10,1
100.0,101.0,1.0,62.927072,1e-06,1e-06,9.1e-05,3.6e-05,0.398486,4.6e-05,0.105,500,300,50,0.1,0.105,10,1
-100.0,-99.0,0.0,,,,,,,,0.09,500,300,40,0.1,0.105,10,1
-77.777778,-76.777778,0.0,,,,,,,,0.09,500,300,40,0.1,0.105,10,1
-55.555556,-54.555556,0.0,,,,,,,,0.09,500,300,40,0.1,0.105,10,1
-33.333333,-32.333333,0.0,,,,,,,,0.09,500,300,40,0.1,0.105,10,1
-11.111111,-10.111111,0.0,,,,,,,,0.09,500,300,40,0.1,0.105,10,1
11.111111,12.111111,0.0,,,,,,,,0.09,500,300,40,0.1,0.105,10,1
33.333333,34.333333,0.0,8.416401,1.4e-05,1.4e-05,0.000779,0.00058,0.743576,0.000122,0.09,500,300,40,0.1,0.105,10,1
55.555556,56.555556,0.0,28.414617,2e-06,2e-06,0.000121,6.3e-05,0.526196,4.5e-05,0.09,500,300,40,0.1,0.105,10,1
77.777778,78.777778,0.0,48.415444,0.0,0.0,1.7e-05,7e-06,0.407168,8e-06,0.09,500,300,40,0.1,0.105,10,1
100.0,101.0,0.0,68.415595,0.0,0.0,2e-06,1e-06,0.332055,1e-06,0.09,500,300,40,0.1,0.105,10,1
-100.0,-99.0,0.090909,,,,,,,,0.09,500,300,40,0.1,0.105,10,1
-77.777778,-76.777778,0.090909,,,,,,,,0.09,500,300,40,0.1,0.105,10,1
-55.555556,-54.555556,0.090909,,,,,,,,0.09,500,300,40,0.1,0.105,10,1
-33.333333,-32.333333,0.090909,,,,,,,,0.09,500,300,40,0.1,0.105,10,1
-11.111111,-10.111111,0.090909,,,,,,,,0.09,500,300,40,0.1,0.105,10,1
11.111111,12.111111,0.090909,,,,,,,,0.09,500,300,40,0.1,0.105,10,1
33.333333,34.333333,0.090909,8.900713,2.5e-05,2.5e-05,0.00134,0.000986,0.736161,0.00022,0.09,500,300,40,0.1,0.105,10,1
55.555556,56.555556,0.090909,28.900878,3e-06,3e-06,0.000207,0.000108,0.522479,7.8e-05,0.09,500,300,40,0.1,0.105,10,1
77.777778,78.777778,0.090909,48.902064,0.0,0.0,2.9e-05,1.2e-05,0.404939,1.4e-05,0.09,500,300,40,0.1,0.105,10,1
100.0,101.0,0.090909,68.90229,0.0,0.0,4e-06,1e-06,0.330571,2e-06,0.09,500,300,40,0.1,0.105,10,1
-100.0,-99.0,0.181818,,,,,,,,0.09,500,300,40,0.1,0.105,10,1
-77.777778,-76.777778,0.181818,,,,,,,,0.09,500,300,40,0.1,0.105,10,1
-55.555556,-54.555556,0.181818,,,,,,,,0.09,500,300,40,0.1,0.105,10,1
-33.333333,-32.333333,0.181818,,,,,,,,0.09,500,300,40,0.1,0.105,10,1
-11.111111,-10.111111,0.181818,,,,,,,,0.09,500,300,40,0.1,0.105,10,1
11.111111,12.111111,0.181818,,,,,,,,0.09,500,300,40,0.1,0.105,10,1
33.333333,34.333333,0.181818,8.732107,6.4e-05,6.4e-05,0.003472,0.002564,0.738626,0.00056,0.09,500,300,40,0.1,0.105,10,1
55.555556,56.555556,0.181818,28.73595,7e-06,7e-06,0.000537,0.000281,0.523715,0.000202,0.09,500,300,40,0.1,0.105,10,1
77.777778,78.777778,0.181818,48.738991,1e-06,1e-06,7.5e-05,3.1e-05,0.405681,3.7e-05,0.09,500,300,40,0.1,0.105,10,1
100.0,101.0,0.181818,68.739569,0.0,0.0,1e-05,3e-06,0.331066,6e-06,0.09,500,300,40,0.1,0.105,10,1
-100.0,-99.0,0.272727,,,,,,,,0.09,500,300,40,0.1,0.105,10,1
-77.777778,-76.777778,0.272727,,,,,,,,0.09,500,300,40,0.1,0.105,10,1
-55.555556,-54.555556,0.272727,,,,,,,,0.09,500,300,40,0.1,0.105,10,1
-33.333333,-32.333333,0.272727,,,,,,,,0.09,500,300,40,0.1,0.105,10,1
-11.111111,-10.111111,0.272727,,,,,,,,0.09,500,300,40,0.1,0.105,10,1
11.111111,12.111111,0.272727,,,,,,,,0.09,500,300,40,0.1,0.105,10,1
33.333333,34.333333,0.272727,8.599477,0.00013,0.000129,0.007006,0.005188,0.740502,0.001118,0.09,500,300,40,0.1,0.105,10,1
55.555556,56.555556,0.272727,28.609075,1.4e-05,1.4e-05,0.001084,0.000569,0.524657,0.000407,0.09,500,300,40,0.1,0.105,10,1
77.777778,78.777778,0.272727,48.615026,2e-06,2e-06,0.000152,6.2e-05,0.406246,7.5e-05,0.09,500,300,40,0.1,0.105,10,1
100.0,101.0,0.272727,68.61616,0.0,0.0,2e-05,7e-06,0.331442,1.1e-05,0.09,500,300,40,0.1,0.105,10,1
-100.0,-99.0,0.363636,,,,,,,,0.09,500,300,40,0.1,0.105,10,1
-77.777778,-76.777778,0.363636,,,,,,,,0.09,500,300,40,0.1,0.105,10,1
-55.555556,-54.555556,0.363636,,,,,,,,0.09,500,300,40,0.1,0.105,10,1
-33.333333,-32.333333,0.363636,,,,,,,,0.09,500,300,40,0.1,0.105,10,1
-11.111111,-10.111111,0.363636,,,,,,,,0.09,500,300,40,0.1,0.105,10,1
11.111111,12.111111,0.363636,,,,,,,,0.09,500,300,40,0.1,0.105,10,1
33.333333,34.333333,0.363636,8.517959,0.000216,0.000215,0.011653,0.008641,0.741572,0.001846,0.09,500,300,40,0.1,0.105,10,1
55.555556,56.555556,0.363636,28.534571,2.4e-05,2.4e-05,0.001803,0.000947,0.525194,0.000676,0.09,500,300,40,0.1,0.105,10,1
77.777778,78.777778,0.363636,48.544028,3e-06,3e-06,0.000253,0.000103,0.406568,0.000125,0.09,500,300,40,0.1,0.105,10,1
100.0,101.0,0.363636,68.545836,0.0,0.0,3.4e-05,1.1e-05,0.331656,1.9e-05,0.09,500,300,40,0.1,0.105,10,1
-100.0,-99.0,0.454545,,,,,,,,0.09,500,300,40,0.1,0.105,10,1
-77.777778,-76.777778,0.454545,,,,,,,,0.09,500,300,40,0.1,0.105,10,1
-55.555556,-54.555556,0.454545,,,,,,,,0.09,500,300,40,0.1,0.105,10,1
-33.333333,-32.333333,0.454545,,,,,,,,0.09,500,300,40,0.1,0.105,10,1
-11.111111,-10.111111,0.454545,,,,,,,,0.09,500,300,40,0.1,0.105,10,1
11.111111,12.111111,0.454545,,,,,,,,0.09,500,300,40,0.1,0.105,10,1
33.333333,34.333333,0.454545,8.464547,0.000316,0.000315,0.017057,0.01266,0.74221,0.002691,0.09,500,300,40,0.1,0.105,10,1
55.555556,56.555556,0.454545,28.488385,3.5e-05,3.5e-05,0.002639,0.001387,0.525514,0.000988,0.09,500,300,40,0.1,0.105,10,1
77.777778,78.777778,0.454545,48.501435,4e-06,4e-06,0.00037,0.00015,0.40676,0.000182,0.09,500,300,40,0.1,0.105,10,1
100.0,101.0,0.454545,68.503935,0.0,0.0,4.9e-05,1.6e-05,0.331784,2.8e-05,0.09,500,300,40,0.1,0.105,10,1
-100.0,-99.0,0.545455,,,,,,,,0.09,500,300,40,0.1,0.105,10,1
-77.777778,-76.777778,0.545455,,,,,,,,0.09,500,300,40,0.1,0.105,10,1
-55.555556,-54.555556,0.545455,,,,,,,,0.09,500,300,40,0.1,0.105,10,1
-33.333333,-32.333333,0.545455,,,,,,,,0.09,500,300,40,0.1,0.105,10,1
-11.111111,-10.111111,0.545455,,,,,,,,0.09,500,300,40,0.1,0.105,10,1
11.111111,12.111111,0.545455,,,,,,,,0.09,500,300,40,0.1,0.105,10,1
33.333333,34.333333,0.545455,8.427892,0.000425,0.000422,0.022869,0.016982,0.742608,0.003599,0.09,500,300,40,0.1,0.105,10,1
55.555556,56.555556,0.545455,28.458281,4.7e-05,4.6e-05,0.003539,0.00186,0.525715,0.001324,0.09,500,300,40,0.1,0.105,10,1
77.777778,78.777778,0.545455,48.474586,5e-06,5e-06,0.000496,0.000202,0.40688,0.000245,0.09,500,300,40,0.1,0.105,10,1
100.0,101.0,0.545455,68.477712,1e-06,1e-06,6.6e-05,2.2e-05,0.331864,3.7e-05,0.09,500,300,40,0.1,0.105,10,1
-100.0,-99.0,0.636364,,,,,,,,0.09,500,300,40,0.1,0.105,10,1
-77.777778,-76.777778,0.636364,,,,,,,,0.09,500,300,40,0.1,0.105,10,1
-55.555556,-54.555556,0.636364,,,,,,,,0.09,500,300,40,0.1,0.105,10,1
-33.333333,-32.333333,0.636364,,,,,,,,0.09,500,300,40,0.1,0.105,10,1
-11.111111,-10.111111,0.636364,,,,,,,,0.09,500,300,40,0.1,0.105,10,1
11.111111,12.111111,0.636364,,,,,,,,0.09,500,300,40,0.1,0.105,10,1
33.333333,34.333333,0.636364,8.402274,0.000535,0.000531,0.028789,0.021387,0.742867,0.004524,0.09,500,300,40,0.1,0.105,10,1
55.555556,56.555556,0.636364,28.437994,5.9e-05,5.9e-05,0.004454,0.002342,0.525845,0.001667,0.09,500,300,40,0.1,0.105,10,1
77.777778,78.777778,0.636364,48.456951,6e-06,6e-06,0.000624,0.000254,0.406958,0.000308,0.09,500,300,40,0.1,0.105,10,1
100.0,101.0,0.636364,68.460589,1e-06,1e-06,8.3e-05,2.8e-05,0.331916,4.7e-05,0.09,500,300,40,0.1,0.105,10,1
-100.0,-99.0,0.727273,,,,,,,,0.09,500,300,40,0.1,0.105,10,1
-77.777778,-76.777778,0.727273,,,,,,,,0.09,500,300,40,0.1,0.105,10,1
-55.555556,-54.555556,0.727273,,,,,,,,0.09,500,300,40,0.1,0.105,10,1
-33.333333,-32.333333,0.727273,,,,,,,,0.09,500,300,40,0.1,0.105,10,1
-11.111111,-10.111111,0.727273,,,,,,,,0.09,500,300,40,0.1,0.105,10,1
11.111111,12.111111,0.727273,,,,,,,,0.09,500,300,40,0.1,0.105,10,1
33.333333,34.333333,0.727273,8.384303,0.000643,0.000638,0.034595,0.025706,0.743044,0.00543,0.09,500,300,40,0.1,0.105,10,1
55.555556,56.555556,0.727273,28.423918,7e-05,7e-05,0.005352,0.002815,0.525935,0.002002,0.09,500,300,40,0.1,0.105,10,1
77.777778,78.777778,0.727273,48.444826,8e-06,8e-06,0.00075,0.000305,0.407012,0.00037,0.09,500,300,40,0.1,0.105,10,1
100.0,101.0,0.727273,68.44884,1e-06,1e-06,0.0001,3.3e-05,0.331952,5.7e-05,0.09,500,300,40,0.1,0.105,10,1
-100.0,-99.0,0.818182,,,,,,,,0.09,500,300,40,0.1,0.105,10,1
-77.777778,-76.777778,0.818182,,,,,,,,0.09,500,300,40,0.1,0.105,10,1
-55.555556,-54.555556,0.818182,,,,,,,,0.09,500,300,40,0.1,0.105,10,1
-33.333333,-32.333333,0.818182,,,,,,,,0.09,500,300,40,0.1,0.105,10,1
-11.111111,-10.111111,0.818182,,,,,,,,0.09,500,300,40,0.1,0.105,10,1
11.111111,12.111111,0.818182,,,,,,,,0.09,500,300,40,0.1,0.105,10,1
33.333333,34.333333,0.818182,8.371638,0.000746,0.00074,0.040136,0.029828,0.743174,0.006294,0.09,500,300,40,0.1,0.105,10,1
55.555556,56.555556,0.818182,28.413748,8.2e-05,8.2e-05,0.006209,0.003266,0.526001,0.002322,0.09,500,300,40,0.1,0.105,10,1
77.777778,78.777778,0.818182,48.435923,9e-06,9e-06,0.00087,0.000354,0.407051,0.000429,0.09,500,300,40,0.1,0.105,10,1
100.0,101.0,0.818182,68.440182,1e-06,1e-06,0.000116,3.8e-05,0.331978,6.6e-05,0.09,500,300,40,0.1,0.105,10,1
-100.0,-99.0,0.909091,,,,,,,,0.09,500,300,40,0.1,0.105,10,1
-77.777778,-76.777778,0.909091,,,,,,,,0.09,500,300,40,0.1,0.105,10,1
-55.555556,-54.555556,0.909091,,,,,,,,0.09,500,300,40,0.1,0.105,10,1
-33.333333,-32.333333,0.909091,,,,,,,,0.09,500,300,40,0.1,0.105,10,1
-11.111111,-10.111111,0.909091,,,,,,,,0.09,500,300,40,0.1,0.105,10,1
11.111111,12.111111,0.909091,,,,,,,,0.09,500,300,40,0.1,0.105,10,1
33.333333,34.333333,0.909091,8.362531,0.000842,0.000835,0.045322,0.033687,0.743281,0.007103,0.09,500,300,40,0.1,0.105,10,1
55.555556,56.555556,0.909091,28.405903,9.2e-05,9.2e-05,0.007012,0.003688,0.526055,0.002622,0.09,500,300,40,0.1,0.105,10,1
77.777778,78.777778,0.909091,48.428749,1e-05,1e-05,0.000983,0.0004,0.407084,0.000485,0.09,500,300,40,0.1,0.105,10,1
100.0,101.0,0.909091,68.433138,1e-06,1e-06,0.000131,4.3e-05,0.331999,7.4e-05,0.09,500,300,40,0.1,0.105,10,1
-100.0,-99.0,1.0,,,,,,,,0.09,500,300,40,0.1,0.105,10,1
-77.777778,-76.777778,1.0,,,,,,,,0.09,500,300,40,0.1,0.105,10,1
-55.555556,-54.555556,1.0,,,,,,,,0.09,500,300,40,0.1,0.105,10,1
-33.333333,-32.333333,1.0,,,,,,,,0.09,500,300,40,0.1,0.105,10,1
-11.111111,-10.111111,1.0,,,,,,,,0.09,500,300,40,0.1,0.105,10,1
11.111111,12.111111,1.0,,,,,,,,0.09,500,300,40,0.1,0.105,10,1
33.333333,34.333333,1.0,8.35564,0.000931,0.000923,0.050111,0.037252,0.743377,0.007849,0.09,500,300,40,0.1,0.105,10,1
55.555556,56.555556,1.0,28.399265,0.000102,0.000102,0.007753,0.004079,0.526104,0.002899,0.09,500,300,40,0.1,0.105,10,1
77.777778,78.777778,1.0,48.422293,1.1e-05,1.1e-05,0.001087,0.000442,0.407113,0.000536,0.09,500,300,40,0.1,0.105,10,1
100.0,101.0,1.0,68.426718,1e-06,1e-06,0.000144,4.8e-05,0.332019,8.2e-05,0.09,500,300,40,0.1,0.105,10,1
-2000.0,-1999.0,0.0,,,,,,,,0.09,1000,200,80,0.1,0.105,10,1
-1555.555556,-1554.555556,0.0,,,,,,,,0.09,1000,200,80,0.1,0.105,10,1
-1111.111111,-1110.111111,0.0,36.414348,0.0,0.0,0.0,0.0,0.61848,0.0,0.09,1000,200,80,0.1,0.105,10,1
-666.666667,-665.666667,0.0,,,,,,,,0.09,1000,200,80,0.1,0.105,10,1
-222.222222,-221.222222,0.0,,,,,,,,0.09,1000,200,80,0.1,0.105,10,1
222.222222,223.222222,0.0,156.415621,0.0,0.0,0.0,0.0,0.304548,0.0,0.09,1000,200,80,0.1,0.105,10,1
666.666667,667.666667,0.0,556.415622,0.0,0.0,0.0,0.0,0.113134,0.0,0.09,1000,200,80,0.1,0.105,10,1
1111.111111,1112.111111,0.0,956.415622,0.0,0.0,0.0,0.0,0.06947,0.0,0.09,1000,200,80,0.1,0.105,10,1
1555.555556,1556.555556,0.0,1356.415622,0.0,0.0,0.0,0.0,0.050125,0.0,0.09,1000,200,80,0.1,0.105,10,1
2000.0,2001.0,0.0,1756.415622,0.0,0.0,0.0,0.0,0.039207,0.0,0.09,1000,200,80,0.1,0.105,10,1
-2000.0,-1999.0,0.090909,,,,,,,,0.09,1000,200,80,0.1,0.105,10,1
-1555.555556,-1554.555556,0.090909,,,,,,,,0.09,1000,200,80,0.1,0.105,10,1
-1111.111111,-1110.111111,0.090909,36.293857,0.0,0.0,1e-06,1e-06,0.617264,0.0,0.09,1000,200,80,0.1,0.105,10,1
-666.666667,-665.666667,0.090909,,,,,,,,0.09,1000,200,80,0.1,0.105,10,1
-222.222222,-221.222222,0.090909,,,,,,,,0.09,1000,200,80,0.1,0.105,10,1
222.222222,223.222222,0.090909,156.902331,0.0,0.0,0.0,0.0,0.303923,0.0,0.09,1000,200,80,0.1,0.105,10,1
666.666667,667.666667,0.090909,556.902331,0.0,0.0,0.0,0.0,0.113047,0.0,0.09,1000,200,80,0.1,0.105,10,1
1111.111111,1112.111111,0.090909,956.902331,0.0,0.0,0.0,0.0,0.069438,0.0,0.09,1000,200,80,0.1,0.105,10,1
1555.555556,1556.555556,0.090909,1356.902331,0.0,0.0,0.0,0.0,0.050108,0.0,0.09,1000,200,80,0.1,0.105,10,1
2000.0,2001.0,0.090909,1756.902331,0.0,0.0,0.0,0.0,0.039196,0.0,0.09,1000,200,80,0.1,0.105,10,1
-2000.0,-1999.0,0.181818,,,,,,,,0.09,1000,200,80,0.1,0.105,10,1
-1555.555556,-1554.555556,0.181818,,,,,,,,0.09,1000,200,80,0.1,0.105,10,1
-1111.111111,-1110.111111,0.181818,36.202881,0.0,0.0,2e-06,1e-06,0.617673,1e-06,0.09,1000,200,80,0.1,0.105,10,1
-666.666667,-665.666667,0.181818,,,,,,,,0.09,1000,200,80,0.1,0.105,10,1
-222.222222,-221.222222,0.181818,,,,,,,,0.09,1000,200,80,0.1,0.105,10,1
222.222222,223.222222,0.181818,156.739673,0.0,0.0,0.0,0.0,0.304132,0.0,0.09,1000,200,80,0.1,0.105,10,1
666.666667,667.666667,0.181818,556.739673,0.0,0.0,0.0,0.0,0.113076,0.0,0.09,1000,200,80,0.1,0.105,10,1
1111.111111,1112.111111,0.181818,956.739673,0.0,0.0,0.0,0.0,0.069448,0.0,0.09,1000,200,80,0.1,0.105,10,1
1555.555556,1556.555556,0.181818,1356.739673,0.0,0.0,0.0,0.0,0.050113,0.0,0.09,1000,200,80,0.1,0.105,10,1
2000.0,2001.0,0.181818,1756.739673,0.0,0.0,0.0,0.0,0.0392,0.0,0.09,1000,200,80,0.1,0.105,10,1
-2000.0,-1999.0,0.272727,,,,,,,,0.09,1000,200,80,0.1,0.105,10,1
-1555.555556,-1554.555556,0.272727,,,,,,,,0.09,1000,200,80,0.1,0.105,10,1
-1111.111111,-1110.111111,0.272727,36.276431,0.0,0.0,5e-06,3e-06,0.617973,1e-06,0.09,1000,200,80,0.1,0.105,10,1
-666.666667,-665.666667,0.272727,,,,,,,,0.09,1000,200,80,0.1,0.105,10,1
-222.222222,-221.222222,0.272727,,,,,,,,0.09,1000,200,80,0.1,0.105,10,1
222.222222,223.222222,0.272727,156.616365,0.0,0.0,0.0,0.0,0.30429,0.0,0.09,1000,200,80,0.1,0.105,10,1
666.666667,667.666667,0.272727,556.616365,0.0,0.0,0.0,0.0,0.113098,0.0,0.09,1000,200,80,0.1,0.105,10,1
1111.111111,1112.111111,0.272727,956.616365,0.0,0.0,0.0,0.0,0.069457,0.0,0.09,1000,200,80,0.1,0.105,10,1
1555.555556,1556.555556,0.272727,1356.616365,0.0,0.0,0.0,0.0,0.050118,0.0,0.09,1000,200,80,0.1,0.105,10,1
2000.0,2001.0,0.272727,1756.616365,0.0,0.0,0.0,0.0,0.039203,0.0,0.09,1000,200,80,0.1,0.105,10,1
-2000.0,-1999.0,0.363636,,,,,,,,0.09,1000,200,80,0.1,0.105,10,1
-1555.555556,-1554.555556,0.363636,,,,,,,,0.09,1000,200,80,0.1,0.105,10,1
-1111.111111,-1110.111111,0.363636,36.356818,0.0,0.0,7e-06,5e-06,0.618142,2e-06,0.09,1000,200,80,0.1,0.105,10,1
-666.666667,-665.666667,0.363636,,,,,,,,0.09,1000,200,80,0.1,0.105,10,1
-222.222222,-221.222222,0.363636,,,,,,,,0.09,1000,200,80,0.1,0.105,10,1
222.222222,223.222222,0.363636,156.546162,0.0,0.0,0.0,0.0,0.30438,0.0,0.09,1000,200,80,0.1,0.105,10,1
666.666667,667.666667,0.363636,556.546162,0.0,0.0,0.0,0.0,0.11311,0.0,0.09,1000,200,80,0.1,0.105,10,1
1111.111111,1112.111111,0.363636,956.546162,0.0,0.0,0.0,0.0,0.069461,0.0,0.09,1000,200,80,0.1,0.105,10,1
1555.555556,1556.555556,0.363636,1356.546162,0.0,0.0,0.0,0.0,0.05012,0.0,0.09,1000,200,80,0.1,0.105,10,1
2000.0,2001.0,0.363636,1756.546162,0.0,0.0,0.0,0.0,0.039204,0.0,0.09,1000,200,80,0.1,0.105,10,1
-2000.0,-1999.0,0.454545,,,,,,,,0.09,1000,200,80,0.1,0.105,10,1
-1555.555556,-1554.555556,0.454545,,,,,,,,0.09,1000,200,80,0.1,0.105,10,1
-1111.111111,-1110.111111,0.454545,36.406862,0.0,0.0,1.1e-05,7e-06,0.618239,3e-06,0.09,1000,200,80,0.1,0.105,10,1
-666.666667,-665.666667,0.454545,,,,,,,,0.09,1000,200,80,0.1,0.105,10,1
-222.222222,-221.222222,0.454545,,,,,,,,0.09,1000,200,80,0.1,0.105,10,1
222.222222,223.222222,0.454545,156.504387,0.0,0.0,0.0,0.0,0.304434,0.0,0.09,1000,200,80,0.1,0.105,10,1
666.666667,667.666667,0.454545,556.504387,0.0,0.0,0.0,0.0,0.113118,0.0,0.09,1000,200,80,0.1,0.105,10,1
1111.111111,1112.111111,0.454545,956.504387,0.0,0.0,0.0,0.0,0.069464,0.0,0.09,1000,200,80,0.1,0.105,10,1
1555.555556,1556.555556,0.454545,1356.504387,0.0,0.0,0.0,0.0,0.050122,0.0,0.09,1000,200,80,0.1,0.105,10,1
2000.0,2001.0,0.454545,1756.504387,0.0,0.0,0.0,0.0,0.039205,0.0,0.09,1000,200,80,0.1,0.105,10,1
-2000.0,-1999.0,0.545455,,,,,,,,0.09,1000,200,80,0.1,0.105,10,1
-1555.555556,-1554.555556,0.545455,,,,,,,,0.09,1000,200,80,0.1,0.105,10,1
-1111.111111,-1110.111111,0.545455,36.429199,0.0,0.0,1.5e-05,9e-06,0.618299,4e-06,0.09,1000,200,80,0.1,0.105,10,1
-666.666667,-665.666667,0.545455,,,,,,,,0.09,1000,200,80,0.1,0.105,10,1
-222.222222,-221.222222,0.545455,,,,,,,,0.09,1000,200,80,0.1,0.105,10,1
222.222222,223.222222,0.545455,156.478277,0.0,0.0,0.0,0.0,0.304468,0.0,0.09,1000,200,80,0.1,0.105,10,1
666.666667,667.666667,0.545455,556.478277,0.0,0.0,0.0,0.0,0.113122,0.0,0.09,1000,200,80,0.1,0.105,10,1
1111.111111,1112.111111,0.545455,956.478277,0.0,0.0,0.0,0.0,0.069466,0.0,0.09,1000,200,80,0.1,0.105,10,1
1555.555556,1556.555556,0.545455,1356.478277,0.0,0.0,0.0,0.0,0.050123,0.0,0.09,1000,200,80,0.1,0.105,10,1
2000.0,2001.0,0.545455,1756.478277,0.0,0.0,0.0,0.0,0.039205,0.0,0.09,1000,200,80,0.1,0.105,10,1
-2000.0,-1999.0,0.636364,,,,,,,,0.09,1000,200,80,0.1,0.105,10,1
-1555.555556,-1554.555556,0.636364,,,,,,,,0.09,1000,200,80,0.1,0.105,10,1
-1111.111111,-1110.111111,0.636364,36.435499,0.0,0.0,1.8e-05,1.1e-05,0.618337,5e-06,0.09,1000,200,80,0.1,0.105,10,1
-666.666667,-665.666667,0.636364,,,,,,,,0.09,1000,200,80,0.1,0.105,10,1
-222.222222,-221.222222,0.636364,,,,,,,,0.09,1000,200,80,0.1,0.105,10,1
222.222222,223.222222,0.636364,156.461247,0.0,0.0,0.0,0.0,0.30449,0.0,0.09,1000,200,80,0.1,0.105,10,1
666.666667,667.666667,0.636364,556.461247,0.0,0.0,0.0,0.0,0.113126,0.0,0.09,1000,200,80,0.1,0.105,10,1
1111.111111,1112.111111,0.636364,956.461247,0.0,0.0,0.0,0.0,0.069467,0.0,0.09,1000,200,80,0.1,0.105,10,1
1555.555556,1556.555556,0.636364,1356.461247,0.0,0.0,0.0,0.0,0.050123,0.0,0.09,1000,200,80,0.1,0.105,10,1
2000.0,2001.0,0.636364,1756.461247,0.0,0.0,0.0,0.0,0.039206,0.0,0.09,1000,200,80,0.1,0.105,10,1
-2000.0,-1999.0,0.727273,,,,,,,,0.09,1000,200,80,0.1,0.105,10,1
-1555.555556,-1554.555556,0.727273,,,,,,,,0.09,1000,200,80,0.1,0.105,10,1
-1111.111111,-1110.111111,0.727273,36.435099,0.0,0.0,2.2e-05,1.4e-05,0.618362,6e-06,0.09,1000,200,80,0.1,0.105,10,1
-666.666667,-665.666667,0.727273,,,,,,,,0.09,1000,200,80,0.1,0.105,10,1
-222.222222,-221.222222,0.727273,,,,,,,,0.09,1000,200,80,0.1,0.105,10,1
222.222222,223.222222,0.727273,156.449566,0.0,0.0,0.0,0.0,0.304505,0.0,0.09,1000,200,80,0.1,0.105,10,1
666.666667,667.666667,0.727273,556.449566,0.0,0.0,0.0,0.0,0.113128,0.0,0.09,1000,200,80,0.1,0.105,10,1
1111.111111,1112.111111,0.727273,956.449566,0.0,0.0,0.0,0.0,0.069468,0.0,0.09,1000,200,80,0.1,0.105,10,1
1555.555556,1556.555556,0.727273,1356.449566,0.0,0.0,0.0,0.0,0.050124,0.0,0.09,1000,200,80,0.1,0.105,10,1
2000.0,2001.0,0.727273,1756.449566,0.0,0.0,0.0,0.0,0.039206,0.0,0.09,1000,200,80,0.1,0.105,10,1
-1555.555556,-1554.555556,0.818182,,,,,,,,0.09,1000,200,80,0.1,0.105,10,1
-1111.111111,-1110.111111,0.818182,36.432773,0.0,0.0,2.6e-05,1.6e-05,0.618381,7e-06,0.09,1000,200,80,0.1,0.105,10,1
-666.666667,-665.666667,0.818182,,,,,,,,0.09,1000,200,80,0.1,0.105,10,1
-222.222222,-221.222222,0.818182,,,,,,,,0.09,1000,200,80,0.1,0.105,10,1
222.222222,223.222222,0.818182,156.440952,0.0,0.0,0.0,0.0,0.304516,0.0,0.09,1000,200,80,0.1,0.105,10,1
666.666667,667.666667,0.818182,556.440952,0.0,0.0,0.0,0.0,0.113129,0.0,0.09,1000,200,80,0.1,0.105,10,1
1111.111111,1112.111111,0.818182,956.440952,0.0,0.0,0.0,0.0,0.069469,0.0,0.09,1000,200,80,0.1,0.105,10,1
1555.555556,1556.555556,0.818182,1356.440952,0.0,0.0,0.0,0.0,0.050124,0.0,0.09,1000,200,80,0.1,0.105,10,1
2000.0,2001.0,0.818182,1756.440952,0.0,0.0,0.0,0.0,0.039206,0.0,0.09,1000,200,80,0.1,0.105,10,1
-2000.0,-1999.0,0.909091,,,,,,,,0.09,1000,200,80,0.1,0.105,10,1
-1555.555556,-1554.555556,0.909091,,,,,,,,0.09,1000,200,80,0.1,0.105,10,1
-1111.111111,-1110.111111,0.909091,36.430141,0.0,0.0,2.9e-05,1.8e-05,0.618396,8e-06,0.09,1000,200,80,0.1,0.105,10,1
-666.666667,-665.666667,0.909091,,,,,,,,0.09,1000,200,80,0.1,0.105,10,1
-222.222222,-221.222222,0.909091,,,,,,,,0.09,1000,200,80,0.1,0.105,10,1
222.222222,223.222222,0.909091,156.433931,0.0,0.0,0.0,0.0,0.304525,0.0,0.09,1000,200,80,0.1,0.105,10,1
666.666667,667.666667,0.909091,556.433931,0.0,0.0,0.0,0.0,0.11313,0.0,0.09,1000,200,80,0.1,0.105,10,1
1111.111111,1112.111111,0.909091,956.433931,0.0,0.0,0.0,0.0,0.069469,0.0,0.09,1000,200,80,0.1,0.105,10,1
1555.555556,1556.555556,0.909091,1356.433931,0.0,0.0,0.0,0.0,0.050124,0.0,0.09,1000,200,80,0.1,0.105,10,1
2000.0,2001.0,0.909091,1756.433931,0.0,0.0,0.0,0.0,0.039206,0.0,0.09,1000,200,80,0.1,0.105,10,1
-2000.0,-1999.0,1.0,,,,,,,,0.09,1000,200,80,0.1,0.105,10,1
-1555.555556,-1554.555556,1.0,,,,,,,,0.09,1000,200,80,0.1,0.105,10,1
-1111.111111,-1110.111111,1.0,36.427481,0.0,0.0,3.2e-05,2e-05,0.61841,9e-06,0.09,1000,200,80,0.1,0.105,10,1
-666.666667,-665.666667,1.0,,,,,,,,0.09,1000,200,80,0.1,0.105,10,1
-222.222222,-221.222222,1.0,,,,,,,,0.09,1000,200,80,0.1,0.105,10,1
222.222222,223.222222,1.0,156.427519,0.0,0.0,0.0,0.0,0.304533,0.0,0.09,1000,200,80,0.1,0.105,10,1
666.666667,667.666667,1.0,556.427519,0.0,0.0,0.0,0.0,0.113132,0.0,0.09,1000,200,80,0.1,0.105,10,1
1111.111111,1112.111111,1.0,956.427519,0.0,0.0,0.0,0.0,0.069469,0.0,0.09,1000,200,80,0.1,0.105,10,1
1555.555556,1556.555556,1.0,1356.427519,0.0,0.0,0.0,0.0,0.050124,0.0,0.09,1000,200,80,0.1,0.105,10,1
2000.0,2001.0,1.0,1756.427519,0.0,0.0,0.0,0.0,0.039207,0.0,0.09,1000,200,80,0.1,0.105,10,1
-2000.0,-1999.0,0.818182,,,,,,,,0.09,1000,200,80,0.1,0.105,10,1
-2000.0,-2000.0,0.0,,,,,,,,0.09,1000,200,80,0.1,0.105,10,1
-1555.555556,-1555.555556,0.0,,,,,,,,0.09,1000,200,80,0.1,0.105,10,1
-1111.111111,-1111.111111,0.0,35.998272,0.0,0.0,7e-06,5e-06,0.620699,2e-06,0.09,1000,200,80,0.1,0.105,10,1
-666.666667,-666.666667,0.0,,,,,,,,0.09,1000,200,80,0.1,0.105,10,1
-222.222222,-222.222222,0.0,,,,,,,,0.09,1000,200,80,0.1,0.105,10,1
222.222222,222.222222,0.0,155.999035,0.0,0.0,0.0,0.0,0.305086,0.0,0.09,1000,200,80,0.1,0.105,10,1
666.666667,666.666667,0.0,555.999035,0.0,0.0,0.0,0.0,0.113208,0.0,0.09,1000,200,80,0.1,0.105,10,1
1111.111111,1111.111111,0.0,955.999035,0.0,0.0,0.0,0.0,0.069498,0.0,0.09,1000,200,80,0.1,0.105,10,1
1555.555556,1555.555556,0.0,1355.999035,0.0,0.0,0.0,0.0,0.050139,0.0,0.09,1000,200,80,0.1,0.105,10,1
2000.0,2000.0,0.0,1755.999035,0.0,0.0,0.0,0.0,0.039216,0.0,0.09,1000,200,80,0.1,0.105,10,1
-2000.0,-2000.0,0.090909,,,,,,,,0.09,1000,200,80,0.1,0.105,10,1
-1555.555556,-1555.555556,0.090909,,,,,,,,0.09,1000,200,80,0.1,0.105,10,1
-1111.111111,-1111.111111,0.090909,36.015007,0.0,0.0,7e-06,4e-06,0.62061,2e-06,0.09,1000,200,80,0.1,0.105,10,1
-666.666667,-666.666667,0.090909,,,,,,,,0.09,1000,200,80,0.1,0.105,10,1
-222.222222,-222.222222,0.090909,,,,,,,,0.09,1000,200,80,0.1,0.105,10,1
222.222222,222.222222,0.090909,156.017538,0.0,0.0,0.0,0.0,0.305062,0.0,0.09,1000,200,80,0.1,0.105,10,1
666.666667,666.666667,0.090909,556.017538,0.0,0.0,0.0,0.0,0.113204,0.0,0.09,1000,200,80,0.1,0.105,10,1
1111.111111,1111.111111,0.090909,956.017538,0.0,0.0,0.0,0.0,0.069497,0.0,0.09,1000,200,80,0.1,0.105,10,1
1555.555556,1555.555556,0.090909,1356.017538,0.0,0.0,0.0,0.0,0.050139,0.0,0.09,1000,200,80,0.1,0.105,10,1
2000.0,2000.0,0.090909,1756.017538,0.0,0.0,0.0,0.0,0.039215,0.0,0.09,1000,200,80,0.1,0.105,10,1
-2000.0,-2000.0,0.181818,,,,,,,,0.09,1000,200,80,0.1,0.105,10,1
-1555.555556,-1555.555556,0.181818,,,,,,,,0.09,1000,200,80,0.1,0.105,10,1
-1111.111111,-1111.111111,0.181818,36.027702,0.0,0.0,7e-06,4e-06,0.620544,2e-06,0.09,1000,200,80,0.1,0.105,10,1
-666.666667,-666.666667,0.181818,,,,,,,,0.09,1000,200,80,0.1,0.105,10,1
-222.222222,-222.222222,0.181818,,,,,,,,0.09,1000,200,80,0.1,0.105,10,1
222.222222,222.222222,0.181818,156.032677,0.0,0.0,0.0,0.0,0.305043,0.0,0.09,1000,200,80,0.1,0.105,10,1
666.666667,666.666667,0.181818,556.032677,0.0,0.0,0.0,0.0,0.113202,0.0,0.09,1000,200,80,0.1,0.105,10,1
1111.111111,1111.111111,0.181818,956.032677,0.0,0.0,0.0,0.0,0.069496,0.0,0.09,1000,200,80,0.1,0.105,10,1
1555.555556,1555.555556,0.181818,1356.032677,0.0,0.0,0.0,0.0,0.050138,0.0,0.09,1000,200,80,0.1,0.105,10,1
2000.0,2000.0,0.181818,1756.032677,0.0,0.0,0.0,0.0,0.039215,0.0,0.09,1000,200,80,0.1,0.105,10,1
-2000.0,-2000.0,0.272727,,,,,,,,0.09,1000,200,80,0.1,0.105,10,1
-1555.555556,-1555.555556,0.272727,,,,,,,,0.09,1000,200,80,0.1,0.105,10,1
-1111.111111,-1111.111111,0.272727,36.032787,0.0,0.0,8e-06,5e-06,0.620517,2e-06,0.09,1000,200,80,0.1,0.105,10,1
-666.666667,-666.666667,0.272727,,,,,,,,0.09,1000,200,80,0.1,0.105,10,1
-222.222222,-222.222222,0.272727,,,,,,,,0.09,1000,200,80,0.1,0.105,10,1
222.222222,222.222222,0.272727,156.042835,0.0,0.0,0.0,0.0,0.305029,0.0,0.09,1000,200,80,0.1,0.105,10,1
666.666667,666.666667,0.272727,556.042835,0.0,0.0,0.0,0.0,0.1132,0.0,0.09,1000,200,80,0.1,0.105,10,1
1111.111111,1111.111111,0.272727,956.042835,0.0,0.0,0.0,0.0,0.069495,0.0,0.09,1000,200,80,0.1,0.105,10,1
1555.555556,1555.555556,0.272727,1356.042835,0.0,0.0,0.0,0.0,0.050138,0.0,0.09,1000,200,80,0.1,0.105,10,1
2000.0,2000.0,0.272727,1756.042835,0.0,0.0,0.0,0.0,0.039215,0.0,0.09,1000,200,80,0.1,0.105,10,1
-2000.0,-2000.0,0.363636,,,,,,,,0.09,1000,200,80,0.1,0.105,10,1
-1555.555556,-1555.555556,0.363636,,,,,,,,0.09,1000,200,80,0.1,0.105,10,1
-1111.111111,-1111.111111,0.363636,36.03121,0.0,0.0,1e-05,6e-06,0.620525,3e-06,0.09,1000,200,80,0.1,0.105,10,1
-666.666667,-666.666667,0.363636,,,,,,,,0.09,1000,200,80,0.1,0.105,10,1
-222.222222,-222.222222,0.363636,,,,,,,,0.09,1000,200,80,0.1,0.105,10,1
222.222222,222.222222,0.363636,156.046953,0.0,0.0,0.0,0.0,0.305024,0.0,0.09,1000,200,80,0.1,0.105,10,1
666.666667,666.666667,0.363636,556.046953,0.0,0.0,0.0,0.0,0.113199,0.0,0.09,1000,200,80,0.1,0.105,10,1
1111.111111,1111.111111,0.363636,956.046953,0.0,0.0,0.0,0.0,0.069495,0.0,0.09,1000,200,80,0.1,0.105,10,1
1555.555556,1555.555556,0.363636,1356.046953,0.0,0.0,0.0,0.0,0.050138,0.0,0.09,1000,200,80,0.1,0.105,10,1
2000.0,2000.0,0.363636,1756.046953,0.0,0.0,0.0,0.0,0.039215,0.0,0.09,1000,200,80,0.1,0.105,10,1
-2000.0,-2000.0,0.454545,,,,,,,,0.09,1000,200,80,0.1,0.105,10,1
-1555.555556,-1555.555556,0.454545,,,,,,,,0.09,1000,200,80,0.1,0.105,10,1
-1111.111111,-1111.111111,0.454545,36.026451,0.0,0.0,1.3e-05,8e-06,0.62055,4e-06,0.09,1000,200,80,0.1,0.105,10,1
-666.666667,-666.666667,0.454545,,,,,,,,0.09,1000,200,80,0.1,0.105,10,1
-222.222222,-222.222222,0.454545,,,,,,,,0.09,1000,200,80,0.1,0.105,10,1
222.222222,222.222222,0.454545,156.045231,0.0,0.0,0.0,0.0,0.305026,0.0,0.09,1000,200,80,0.1,0.105,10,1
666.666667,666.666667,0.454545,556.045231,0.0,0.0,0.0,0.0,0.113199,0.0,0.09,1000,200,80,0.1,0.105,10,1
1111.111111,1111.111111,0.454545,956.045231,0.0,0.0,0.0,0.0,0.069495,0.0,0.09,1000,200,80,0.1,0.105,10,1
1555.555556,1555.555556,0.454545,1356.045231,0.0,0.0,0.0,0.0,0.050138,0.0,0.09,1000,200,80,0.1,0.105,10,1
2000.0,2000.0,0.454545,1756.045231,0.0,0.0,0.0,0.0,0.039215,0.0,0.09,1000,200,80,0.1,0.105,10,1
-2000.0,-2000.0,0.545455,,,,,,,,0.09,1000,200,80,0.1,0.105,10,1
-1555.555556,-1555.555556,0.545455,,,,,,,,0.09,1000,200,80,0.1,0.105,10,1
-1111.111111,-1111.111111,0.545455,36.021153,0.0,0.0,1.6e-05,1e-05,0.620579,4e-06,0.09,1000,200,80,0.1,0.105,10,1
-666.666667,-666.666667,0.545455,,,,,,,,0.09,1000,200,80,0.1,0.105,10,1
-222.222222,-222.222222,0.545455,,,,,,,,0.09,1000,200,80,0.1,0.105,10,1
222.222222,222.222222,0.545455,156.039294,0.0,0.0,0.0,0.0,0.305034,0.0,0.09,1000,200,80,0.1,0.105,10,1
666.666667,666.666667,0.545455,556.039294,0.0,0.0,0.0,0.0,0.113201,0.0,0.09,1000,200,80,0.1,0.105,10,1
1111.111111,1111.111111,0.545455,956.039294,0.0,0.0,0.0,0.0,0.069495,0.0,0.09,1000,200,80,0.1,0.105,10,1
1555.555556,1555.555556,0.545455,1356.039294,0.0,0.0,0.0,0.0,0.050138,0.0,0.09,1000,200,80,0.1,0.105,10,1
2000.0,2000.0,0.545455,1756.039294,0.0,0.0,0.0,0.0,0.039215,0.0,0.09,1000,200,80,0.1,0.105,10,1
-2000.0,-2000.0,0.636364,,,,,,,,0.09,1000,200,80,0.1,0.105,10,1
-1555.555556,-1555.555556,0.636364,,,,,,,,0.09,1000,200,80,0.1,0.105,10,1
-1111.111111,-1111.111111,0.636364,36.016374,0.0,0.0,1.9e-05,1.2e-05,0.620605,5e-06,0.09,1000,200,80,0.1,0.105,10,1
-666.666667,-666.666667,0.636364,,,,,,,,0.09,1000,200,80,0.1,0.105,10,1
-222.222222,-222.222222,0.636364,,,,,,,,0.09,1000,200,80,0.1,0.105,10,1
222.222222,222.222222,0.636364,156.031337,0.0,0.0,0.0,0.0,0.305044,0.0,0.09,1000,200,80,0.1,0.105,10,1
666.666667,666.666667,0.636364,556.031337,0.0,0.0,0.0,0.0,0.113202,0.0,0.09,1000,200,80,0.1,0.105,10,1
1111.111111,1111.111111,0.636364,956.031337,0.0,0.0,0.0,0.0,0.069496,0.0,0.09,1000,200,80,0.1,0.105,10,1
1555.555556,1555.555556,0.636364,1356.031337,0.0,0.0,0.0,0.0,0.050138,0.0,0.09,1000,200,80,0.1,0.105,10,1
2000.0,2000.0,0.636364,1756.031337,0.0,0.0,0.0,0.0,0.039215,0.0,0.09,1000,200,80,0.1,0.105,10,1
-2000.0,-2000.0,0.727273,,,,,,,,0.09,1000,200,80,0.1,0.105,10,1
-1555.555556,-1555.555556,0.727273,,,,,,,,0.09,1000,200,80,0.1,0.105,10,1
-1111.111111,-1111.111111,0.727273,36.012244,0.0,0.0,2.3e-05,1.4e-05,0.620629,6e-06,0.09,1000,200,80,0.1,0.105,10,1
-666.666667,-666.666667,0.727273,,,,,,,,0.09,1000,200,80,0.1,0.105,10,1
-222.222222,-222.222222,0.727273,,,,,,,,0.09,1000,200,80,0.1,0.105,10,1
222.222222,222.222222,0.727273,156.023004,0.0,0.0,0.0,0.0,0.305055,0.0,0.09,1000,200,80,0.1,0.105,10,1
666.666667,666.666667,0.727273,556.023004,0.0,0.0,0.0,0.0,0.113203,0.0,0.09,1000,200,80,0.1,0.105,10,1
1111.111111,1111.111111,0.727273,956.023004,0.0,0.0,0.0,0.0,0.069497,0.0,0.09,1000,200,80,0.1,0.105,10,1
1555.555556,1555.555556,0.727273,1356.023004,0.0,0.0,0.0,0.0,0.050138,0.0,0.09,1000,200,80,0.1,0.105,10,1
2000.0,2000.0,0.727273,1756.023004,0.0,0.0,0.0,0.0,0.039215,0.0,0.09,1000,200,80,0.1,0.105,10,1
-2000.0,-2000.0,0.818182,,,,,,,,0.09,1000,200,80,0.1,0.105,10,1
-1555.555556,-1555.555556,0.818182,,,,,,,,0.09,1000,200,80,0.1,0.105,10,1
-1111.111111,-1111.111111,0.818182,36.008569,0.0,0.0,2.7e-05,1.7e-05,0.62065,7e-06,0.09,1000,200,80,0.1,0.105,10,1
-666.666667,-666.666667,0.818182,,,,,,,,0.09,1000,200,80,0.1,0.105,10,1
-222.222222,-222.222222,0.818182,,,,,,,,0.09,1000,200,80,0.1,0.105,10,1
222.222222,222.222222,0.818182,156.015003,0.0,0.0,0.0,0.0,0.305065,0.0,0.09,1000,200,80,0.1,0.105,10,1
666.666667,666.666667,0.818182,556.015003,0.0,0.0,0.0,0.0,0.113205,0.0,0.09,1000,200,80,0.1,0.105,10,1
1111.111111,1111.111111,0.818182,956.015003,0.0,0.0,0.0,0.0,0.069497,0.0,0.09,1000,200,80,0.1,0.105,10,1
1555.555556,1555.555556,0.818182,1356.015003,0.0,0.0,0.0,0.0,0.050139,0.0,0.09,1000,200,80,0.1,0.105,10,1
2000.0,2000.0,0.818182,1756.015003,0.0,0.0,0.0,0.0,0.039215,0.0,0.09,1000,200,80,0.1,0.105,10,1
-2000.0,-2000.0,0.909091,,,,,,,,0.09,1000,200,80,0.1,0.105,10,1
-1555.555556,-1555.555556,0.909091,,,,,,,,0.09,1000,200,80,0.1,0.105,10,1
-1111.111111,-1111.111111,0.909091,36.005124,0.0,0.0,3e-05,1.9e-05,0.62067,8e-06,0.09,1000,200,80,0.1,0.105,10,1
-666.666667,-666.666667,0.909091,,,,,,,,0.09,1000,200,80,0.1,0.105,10,1
-222.222222,-222.222222,0.909091,,,,,,,,0.09,1000,200,80,0.1,0.105,10,1
222.222222,222.222222,0.909091,156.007397,0.0,0.0,0.0,0.0,0.305075,0.0,0.09,1000,200,80,0.1,0.105,10,1
666.666667,666.666667,0.909091,556.007397,0.0,0.0,0.0,0.0,0.113206,0.0,0.09,1000,200,80,0.1,0.105,10,1
1111.111111,1111.111111,0.909091,956.007397,0.0,0.0,0.0,0.0,0.069498,0.0,0.09,1000,200,80,0.1,0.105,10,1
1555.555556,1555.555556,0.909091,1356.007397,0.0,0.0,0.0,0.0,0.050139,0.0,0.09,1000,200,80,0.1,0.105,10,1
2000.0,2000.0,0.909091,1756.007397,0.0,0.0,0.0,0.0,0.039216,0.0,0.09,1000,200,80,0.1,0.105,10,1
-2000.0,-2000.0,1.0,,,,,,,,0.09,1000,200,80,0.1,0.105,10,1
-1555.555556,-1555.555556,1.0,,,,,,,,0.09,1000,200,80,0.1,0.105,10,1
-1111.111111,-1111.111111,1.0,35.999933,0.0,0.0,3.3e-05,2.1e-05,0.62069,9e-06,0.09,1000,200,80,0.1,0.105,10,1
-666.666667,-666.666667,1.0,,,,,,,,0.09,1000,200,80,0.1,0.105,10,1
-222.222222,-222.222222,1.0,,,,,,,,0.09,1000,200,80,0.1,0.105,10,1
222.222222,222.222222,1.0,156.0,0.0,0.0,0.0,0.0,0.305085,0.0,0.09,1000,200,80,0.1,0.105,10,1
666.666667,666.666667,1.0,556.0,0.0,0.0,0.0,0.0,0.113208,0.0,0.09,1000,200,80,0.1,0.105,10,1
1111.111111,1111.111111,1.0,956.0,0.0,0.0,0.0,0.0,0.069498,0.0,0.09,1000,200,80,0.1,0.105,10,1
1555.555556,1555.555556,1.0,1356.0,0.0,0.0,0.0,0.0,0.050139,0.0,0.09,1000,200,80,0.1,0.105,10,1
2000.0,2000.0,1.0,1756.0,0.0,0.0,0.0,0.0,0.039216,0.0,0.09,1000,200,80,0.1,0.105,10,1
-100.0,-100.0,0.0,,,,,,,,0.09,500,300,40,0.1,0.105,10,1
-77.777778,-77.777778,0.0,,,,,,,,0.09,500,300,40,0.1,0.105,10,1
-55.555556,-55.555556,0.0,,,,,,,,0.09,500,300,40,0.1,0.105,10,1
-33.333333,-33.333333,0.0,,,,,,,,0.09,500,300,40,0.1,0.105,10,1
-11.111111,-11.111111,0.0,,,,,,,,0.09,500,300,40,0.1,0.105,10,1
11.111111,11.111111,0.0,,,,,,,,0.09,500,300,40,0.1,0.105,10,1
33.333333,33.333333,0.0,7.918974,0.000369,0.000366,0.019703,0.014777,0.750015,0.002955,0.09,500,300,40,0.1,0.105,10,1
55.555556,55.555556,0.0,27.966145,4e-05,4e-05,0.003055,0.001617,0.529419,0.001132,0.09,500,300,40,0.1,0.105,10,1
77.777778,77.777778,0.0,47.992915,4e-06,4e-06,0.000429,0.000175,0.409095,0.000211,0.09,500,300,40,0.1,0.105,10,1
100.0,100.0,0.0,67.998095,0.0,0.0,5.7e-05,1.9e-05,0.333336,3.2e-05,0.09,500,300,40,0.1,0.105,10,1
-100.0,-100.0,0.090909,,,,,,,,0.09,500,300,40,0.1,0.105,10,1
-77.777778,-77.777778,0.090909,,,,,,,,0.09,500,300,40,0.1,0.105,10,1
-55.555556,-55.555556,0.090909,,,,,,,,0.09,500,300,40,0.1,0.105,10,1
-33.333333,-33.333333,0.090909,,,,,,,,0.09,500,300,40,0.1,0.105,10,1
-11.111111,-11.111111,0.090909,,,,,,,,0.09,500,300,40,0.1,0.105,10,1
11.111111,11.111111,0.090909,,,,,,,,0.09,500,300,40,0.1,0.105,10,1
33.333333,33.333333,0.090909,7.937638,0.000357,0.000353,0.019021,0.014261,0.749726,0.002858,0.09,500,300,40,0.1,0.105,10,1
55.555556,55.555556,0.090909,27.98481,3.9e-05,3.9e-05,0.002949,0.001561,0.529275,0.001093,0.09,500,300,40,0.1,0.105,10,1
77.777778,77.777778,0.090909,48.011451,4e-06,4e-06,0.000414,0.000169,0.409009,0.000203,0.09,500,300,40,0.1,0.105,10,1
100.0,100.0,0.090909,68.016603,0.0,0.0,5.5e-05,1.8e-05,0.333279,3.1e-05,0.09,500,300,40,0.1,0.105,10,1
-100.0,-100.0,0.181818,,,,,,,,0.09,500,300,40,0.1,0.105,10,1
-77.777778,-77.777778,0.181818,,,,,,,,0.09,500,300,40,0.1,0.105,10,1
-55.555556,-55.555556,0.181818,,,,,,,,0.09,500,300,40,0.1,0.105,10,1
-33.333333,-33.333333,0.181818,,,,,,,,0.09,500,300,40,0.1,0.105,10,1
-11.111111,-11.111111,0.181818,,,,,,,,0.09,500,300,40,0.1,0.105,10,1
11.111111,11.111111,0.181818,,,,,,,,0.09,500,300,40,0.1,0.105,10,1
33.333333,33.333333,0.181818,7.954341,0.000353,0.00035,0.018854,0.014131,0.74949,0.002838,0.09,500,300,40,0.1,0.105,10,1
55.555556,55.555556,0.181818,28.000616,3.9e-05,3.9e-05,0.002922,0.001546,0.529158,0.001084,0.09,500,300,40,0.1,0.105,10,1
77.777778,77.777778,0.181818,48.026714,4e-06,4e-06,0.00041,0.000168,0.408939,0.000201,0.09,500,300,40,0.1,0.105,10,1
100.0,100.0,0.181818,68.031761,0.0,0.0,5.5e-05,1.8e-05,0.333233,3.1e-05,0.09,500,300,40,0.1,0.105,10,1
-100.0,-100.0,0.272727,,,,,,,,0.09,500,300,40,0.1,0.105,10,1
-77.777778,-77.777778,0.272727,,,,,,,,0.09,500,300,40,0.1,0.105,10,1
-55.555556,-55.555556,0.272727,,,,,,,,0.09,500,300,40,0.1,0.105,10,1
-33.333333,-33.333333,0.272727,,,,,,,,0.09,500,300,40,0.1,0.105,10,1
-11.111111,-11.111111,0.272727,,,,,,,,0.09,500,300,40,0.1,0.105,10,1
11.111111,11.111111,0.272727,,,,,,,,0.09,500,300,40,0.1,0.105,10,1
33.333333,33.333333,0.272727,7.967671,0.000362,0.000359,0.019336,0.014489,0.749332,0.002913,0.09,500,300,40,0.1,0.105,10,1
55.555556,55.555556,0.272727,28.012007,4e-05,4e-05,0.002997,0.001586,0.529079,0.001112,0.09,500,300,40,0.1,0.105,10,1
77.777778,77.777778,0.272727,48.037103,4e-06,4e-06,0.000421,0.000172,0.408892,0.000207,0.09,500,300,40,0.1,0.105,10,1
100.0,100.0,0.272727,68.041955,0.0,0.0,5.6e-05,1.9e-05,0.333201,3.2e-05,0.09,500,300,40,0.1,0.105,10,1
-100.0,-100.0,0.363636,,,,,,,,0.09,500,300,40,0.1,0.105,10,1
-77.777778,-77.777778,0.363636,,,,,,,,0.09,500,300,40,0.1,0.105,10,1
-55.555556,-55.555556,0.363636,,,,,,,,0.09,500,300,40,0.1,0.105,10,1
-33.333333,-33.333333,0.363636,,,,,,,,0.09,500,300,40,0.1,0.105,10,1
-11.111111,-11.111111,0.363636,,,,,,,,0.09,500,300,40,0.1,0.105,10,1
11.111111,11.111111,0.363636,,,,,,,,0.09,500,300,40,0.1,0.105,10,1
33.333333,33.333333,0.363636,7.976264,0.000387,0.000384,0.020659,0.015479,0.749268,0.003114,0.09,500,300,40,0.1,0.105,10,1
55.555556,55.555556,0.363636,28.017786,4.2e-05,4.2e-05,0.003203,0.001694,0.529047,0.001188,0.09,500,300,40,0.1,0.105,10,1
77.777778,77.777778,0.363636,48.041528,5e-06,5e-06,0.00045,0.000184,0.408873,0.000221,0.09,500,300,40,0.1,0.105,10,1
100.0,100.0,0.363636,68.046121,0.0,0.0,6e-05,2e-05,0.333188,3.4e-05,0.09,500,300,40,0.1,0.105,10,1
-100.0,-100.0,0.454545,,,,,,,,0.09,500,300,40,0.1,0.105,10,1
-77.777778,-77.777778,0.454545,,,,,,,,0.09,500,300,40,0.1,0.105,10,1
-55.555556,-55.555556,0.454545,,,,,,,,0.09,500,300,40,0.1,0.105,10,1
-33.333333,-33.333333,0.454545,,,,,,,,0.09,500,300,40,0.1,0.105,10,1
-11.111111,-11.111111,0.454545,,,,,,,,0.09,500,300,40,0.1,0.105,10,1
11.111111,11.111111,0.454545,,,,,,,,0.09,500,300,40,0.1,0.105,10,1
33.333333,33.333333,0.454545,7.979287,0.000431,0.000428,0.023024,0.017251,0.749294,0.00347,0.09,500,300,40,0.1,0.105,10,1
55.555556,55.555556,0.454545,28.017732,4.7e-05,4.7e-05,0.003571,0.001889,0.52906,0.001324,0.09,500,300,40,0.1,0.105,10,1
77.777778,77.777778,0.454545,48.040113,5e-06,5e-06,0.000501,0.000205,0.408881,0.000246,0.09,500,300,40,0.1,0.105,10,1
100.0,100.0,0.454545,68.044445,1e-06,1e-06,6.7e-05,2.2e-05,0.333194,3.8e-05,0.09,500,300,40,0.1,0.105,10,1
-100.0,-100.0,0.545455,,,,,,,,0.09,500,300,40,0.1,0.105,10,1
-77.777778,-77.777778,0.545455,,,,,,,,0.09,500,300,40,0.1,0.105,10,1
-55.555556,-55.555556,0.545455,,,,,,,,0.09,500,300,40,0.1,0.105,10,1
-33.333333,-33.333333,0.545455,,,,,,,,0.09,500,300,40,0.1,0.105,10,1
-11.111111,-11.111111,0.545455,,,,,,,,0.09,500,300,40,0.1,0.105,10,1
11.111111,11.111111,0.545455,,,,,,,,0.09,500,300,40,0.1,0.105,10,1
33.333333,33.333333,0.545455,7.976951,0.000497,0.000493,0.026534,0.019884,0.749387,0.003996,0.09,500,300,40,0.1,0.105,10,1
55.555556,55.555556,0.545455,28.012883,5.4e-05,5.4e-05,0.004116,0.002178,0.529106,0.001527,0.09,500,300,40,0.1,0.105,10,1
77.777778,77.777778,0.545455,48.034372,6e-06,6e-06,0.000578,0.000236,0.408908,0.000284,0.09,500,300,40,0.1,0.105,10,1
100.0,100.0,0.545455,68.038538,1e-06,1e-06,7.7e-05,2.6e-05,0.333212,4.4e-05,0.09,500,300,40,0.1,0.105,10,1
-100.0,-100.0,0.636364,,,,,,,,0.09,500,300,40,0.1,0.105,10,1
-77.777778,-77.777778,0.636364,,,,,,,,0.09,500,300,40,0.1,0.105,10,1
-55.555556,-55.555556,0.636364,,,,,,,,0.09,500,300,40,0.1,0.105,10,1
-33.333333,-33.333333,0.636364,,,,,,,,0.09,500,300,40,0.1,0.105,10,1
-11.111111,-11.111111,0.636364,,,,,,,,0.09,500,300,40,0.1,0.105,10,1
11.111111,11.111111,0.636364,,,,,,,,0.09,500,300,40,0.1,0.105,10,1
33.333333,33.333333,0.636364,7.970832,0.000582,0.000578,0.031079,0.023294,0.749511,0.004677,0.09,500,300,40,0.1,0.105,10,1
55.555556,55.555556,0.636364,28.005058,6.4e-05,6.4e-05,0.004823,0.002552,0.529168,0.001788,0.09,500,300,40,0.1,0.105,10,1
77.777778,77.777778,0.636364,48.026429,7e-06,7e-06,0.000677,0.000277,0.408945,0.000332,0.09,500,300,40,0.1,0.105,10,1
100.0,100.0,0.636364,68.030583,1e-06,1e-06,9e-05,3e-05,0.333237,5.1e-05,0.09,500,300,40,0.1,0.105,10,1
-100.0,-100.0,0.727273,,,,,,,,0.09,500,300,40,0.1,0.105,10,1
-77.777778,-77.777778,0.727273,,,,,,,,0.09,500,300,40,0.1,0.105,10,1
-55.555556,-55.555556,0.727273,,,,,,,,0.09,500,300,40,0.1,0.105,10,1
-33.333333,-33.333333,0.727273,,,,,,,,0.09,500,300,40,0.1,0.105,10,1
-11.111111,-11.111111,0.727273,,,,,,,,0.09,500,300,40,0.1,0.105,10,1
11.111111,11.111111,0.727273,,,,,,,,0.09,500,300,40,0.1,0.105,10,1
33.333333,33.333333,0.727273,7.964257,0.000681,0.000676,0.036315,0.027223,0.749641,0.00546,0.09,500,300,40,0.1,0.105,10,1
55.555556,55.555556,0.727273,27.996106,7.5e-05,7.5e-05,0.005636,0.002983,0.529233,0.00209,0.09,500,300,40,0.1,0.105,10,1
77.777778,77.777778,0.727273,48.017955,8e-06,8e-06,0.000791,0.000324,0.408984,0.000389,0.09,500,300,40,0.1,0.105,10,1
100.0,100.0,0.727273,68.022228,1e-06,1e-06,0.000105,3.5e-05,0.333262,6e-05,0.09,500,300,40,0.1,0.105,10,1
-100.0,-100.0,0.818182,,,,,,,,0.09,500,300,40,0.1,0.105,10,1
-77.777778,-77.777778,0.818182,,,,,,,,0.09,500,300,40,0.1,0.105,10,1
-55.555556,-55.555556,0.818182,,,,,,,,0.09,500,300,40,0.1,0.105,10,1
-33.333333,-33.333333,0.818182,,,,,,,,0.09,500,300,40,0.1,0.105,10,1
-11.111111,-11.111111,0.818182,,,,,,,,0.09,500,300,40,0.1,0.105,10,1
11.111111,11.111111,0.818182,,,,,,,,0.09,500,300,40,0.1,0.105,10,1
33.333333,33.333333,0.818182,7.964852,0.000783,0.000778,0.04179,0.031333,0.749766,0.006278,0.09,500,300,40,0.1,0.105,10,1
55.555556,55.555556,0.818182,27.987534,8.6e-05,8.6e-05,0.006487,0.003433,0.529295,0.002405,0.09,500,300,40,0.1,0.105,10,1
77.777778,77.777778,0.818182,48.009769,9e-06,9e-06,0.000911,0.000372,0.409021,0.000447,0.09,500,300,40,0.1,0.105,10,1
100.0,100.0,0.818182,68.014197,1e-06,1e-06,0.000121,4e-05,0.333287,6.9e-05,0.09,500,300,40,0.1,0.105,10,1
-100.0,-100.0,0.909091,,,,,,,,0.09,500,300,40,0.1,0.105,10,1
-77.777778,-77.777778,0.909091,,,,,,,,0.09,500,300,40,0.1,0.105,10,1
-55.555556,-55.555556,0.909091,,,,,,,,0.09,500,300,40,0.1,0.105,10,1
-33.333333,-33.333333,0.909091,,,,,,,,0.09,500,300,40,0.1,0.105,10,1
-11.111111,-11.111111,0.909091,,,,,,,,0.09,500,300,40,0.1,0.105,10,1
11.111111,11.111111,0.909091,,,,,,,,0.09,500,300,40,0.1,0.105,10,1
33.333333,33.333333,0.909091,8.019407,0.000883,0.000885,0.047124,0.035338,0.749884,0.007074,0.09,500,300,40,0.1,0.105,10,1
55.555556,55.555556,0.909091,27.981837,9.7e-05,9.7e-05,0.007315,0.003872,0.529354,0.002711,0.09,500,300,40,0.1,0.105,10,1
77.777778,77.777778,0.909091,48.002074,1.1e-05,1.1e-05,0.001027,0.00042,0.409057,0.000504,0.09,500,300,40,0.1,0.105,10,1
100.0,100.0,0.909091,68.00657,1e-06,1e-06,0.000137,4.6e-05,0.333311,7.7e-05,0.09,500,300,40,0.1,0.105,10,1
-100.0,-100.0,1.0,,,,,,,,0.09,500,300,40,0.1,0.105,10,1
-77.777778,-77.777778,1.0,,,,,,,,0.09,500,300,40,0.1,0.105,10,1
-55.555556,-55.555556,1.0,,,,,,,,0.09,500,300,40,0.1,0.105,10,1
-33.333333,-33.333333,1.0,,,,,,,,0.09,500,300,40,0.1,0.105,10,1
-11.111111,-11.111111,1.0,,,,,,,,0.09,500,300,40,0.1,0.105,10,1
11.111111,11.111111,1.0,,,,,,,,0.09,500,300,40,0.1,0.105,10,1
33.333333,33.333333,1.0,8.005759,0.00098,0.000981,0.052268,0.039201,0.75,0.00784,0.09,500,300,40,0.1,0.105,10,1
55.555556,55.555556,1.0,27.997203,0.000107,0.000107,0.008092,0.004284,0.529412,0.002999,0.09,500,300,40,0.1,0.105,10,1
77.777778,77.777778,1.0,47.918963,1.2e-05,1.2e-05,0.001138,0.000465,0.409091,0.000558,0.09,500,300,40,0.1,0.105,10,1
100.0,100.0,1.0,67.999059,1e-06,1e-06,0.000151,5e-05,0.333333,8.6e-05,0.09,500,300,40,0.1,0.105,10,1
-100.0,-100.0,0.0,,,,,,,,0.105,500,300,50,0.1,0.105,10,1
-77.777778,-77.777778,0.0,,,,,,,,0.105,500,300,50,0.1,0.105,10,1
-55.555556,-55.555556,0.0,,,,,,,,0.105,500,300,50,0.1,0.105,10,1
-33.333333,-33.333333,0.0,,,,,,,,0.105,500,300,50,0.1,0.105,10,1
-11.111111,-11.111111,0.0,,,,,,,,0.105,500,300,50,0.1,0.105,10,1
11.111111,11.111111,0.0,,,,,,,,0.105,500,300,50,0.1,0.105,10,1
33.333333,33.333333,0.0,2.935306,0.000221,0.000259,0.012873,0.011034,0.857147,0.000552,0.105,500,300,50,0.1,0.105,10,1
55.555556,55.555556,0.0,22.482826,2.6e-05,2.6e-05,0.002114,0.001312,0.6207,0.00059,0.105,500,300,50,0.1,0.105,10,1
77.777778,77.777778,0.0,42.495504,3e-06,3e-06,0.000292,0.000142,0.486493,0.000121,0.105,500,300,50,0.1,0.105,10,1
100.0,100.0,0.0,62.498251,0.0,0.0,3.9e-05,1.5e-05,0.400004,1.9e-05,0.105,500,300,50,0.1,0.105,10,1
-100.0,-100.0,0.090909,,,,,,,,0.105,500,300,50,0.1,0.105,10,1
-77.777778,-77.777778,0.090909,,,,,,,,0.105,500,300,50,0.1,0.105,10,1
-55.555556,-55.555556,0.090909,,,,,,,,0.105,500,300,50,0.1,0.105,10,1
-33.333333,-33.333333,0.090909,,,,,,,,0.105,500,300,50,0.1,0.105,10,1
-11.111111,-11.111111,0.090909,,,,,,,,0.105,500,300,50,0.1,0.105,10,1
11.111111,11.111111,0.090909,,,,,,,,0.105,500,300,50,0.1,0.105,10,1
33.333333,33.333333,0.090909,2.948376,0.000215,0.000252,0.012549,0.010752,0.856822,0.000542,0.105,500,300,50,0.1,0.105,10,1
55.555556,55.555556,0.090909,22.502848,2.6e-05,2.6e-05,0.002056,0.001276,0.620528,0.000575,0.105,500,300,50,0.1,0.105,10,1
77.777778,77.777778,0.090909,42.515558,3e-06,3e-06,0.000284,0.000138,0.486387,0.000118,0.105,500,300,50,0.1,0.105,10,1
100.0,100.0,0.090909,62.518309,0.0,0.0,3.7e-05,1.5e-05,0.399933,1.9e-05,0.105,500,300,50,0.1,0.105,10,1
-100.0,-100.0,0.181818,,,,,,,,0.105,500,300,50,0.1,0.105,10,1
-77.777778,-77.777778,0.181818,,,,,,,,0.105,500,300,50,0.1,0.105,10,1
-55.555556,-55.555556,0.181818,,,,,,,,0.105,500,300,50,0.1,0.105,10,1
-33.333333,-33.333333,0.181818,,,,,,,,0.105,500,300,50,0.1,0.105,10,1
-11.111111,-11.111111,0.181818,,,,,,,,0.105,500,300,50,0.1,0.105,10,1
11.111111,11.111111,0.181818,,,,,,,,0.105,500,300,50,0.1,0.105,10,1
33.333333,33.333333,0.181818,2.958923,0.000214,0.00025,0.012498,0.010705,0.85656,0.000543,0.105,500,300,50,0.1,0.105,10,1
55.555556,55.555556,0.181818,22.519293,2.5e-05,2.5e-05,0.002045,0.001268,0.620389,0.000572,0.105,500,300,50,0.1,0.105,10,1
77.777778,77.777778,0.181818,42.531883,3e-06,3e-06,0.000283,0.000138,0.486302,0.000117,0.105,500,300,50,0.1,0.105,10,1
100.0,100.0,0.181818,62.534608,0.0,0.0,3.7e-05,1.5e-05,0.399875,1.9e-05,0.105,500,300,50,0.1,0.105,10,1
-100.0,-100.0,0.272727,,,,,,,,0.105,500,300,50,0.1,0.105,10,1
-77.777778,-77.777778,0.272727,,,,,,,,0.105,500,300,50,0.1,0.105,10,1
-55.555556,-55.555556,0.272727,,,,,,,,0.105,500,300,50,0.1,0.105,10,1
-33.333333,-33.333333,0.272727,,,,,,,,0.105,500,300,50,0.1,0.105,10,1
-11.111111,-11.111111,0.272727,,,,,,,,0.105,500,300,50,0.1,0.105,10,1
11.111111,11.111111,0.272727,,,,,,,,0.105,500,300,50,0.1,0.105,10,1
33.333333,33.333333,0.272727,2.9662,0.000219,0.000255,0.01278,0.010945,0.856382,0.000557,0.105,500,300,50,0.1,0.105,10,1
55.555556,55.555556,0.272727,22.53086,2.6e-05,2.6e-05,0.002088,0.001295,0.620294,0.000584,0.105,500,300,50,0.1,0.105,10,1
77.777778,77.777778,0.272727,42.543137,3e-06,3e-06,0.000289,0.00014,0.486243,0.00012,0.105,500,300,50,0.1,0.105,10,1
100.0,100.0,0.272727,62.545793,0.0,0.0,3.8e-05,1.5e-05,0.399835,1.9e-05,0.105,500,300,50,0.1,0.105,10,1
-100.0,-100.0,0.363636,,,,,,,,0.105,500,300,50,0.1,0.105,10,1
-77.777778,-77.777778,0.363636,,,,,,,,0.105,500,300,50,0.1,0.105,10,1
-55.555556,-55.555556,0.363636,,,,,,,,0.105,500,300,50,0.1,0.105,10,1
-33.333333,-33.333333,0.363636,,,,,,,,0.105,500,300,50,0.1,0.105,10,1
-11.111111,-11.111111,0.363636,,,,,,,,0.105,500,300,50,0.1,0.105,10,1
11.111111,11.111111,0.363636,,,,,,,,0.105,500,300,50,0.1,0.105,10,1
33.333333,33.333333,0.363636,2.969703,0.000231,0.000269,0.013492,0.011553,0.856301,0.00059,0.105,500,300,50,0.1,0.105,10,1
55.555556,55.555556,0.363636,22.536632,2.7e-05,2.7e-05,0.002204,0.001367,0.62025,0.000616,0.105,500,300,50,0.1,0.105,10,1
77.777778,77.777778,0.363636,42.548401,3e-06,3e-06,0.000305,0.000148,0.486216,0.000126,0.105,500,300,50,0.1,0.105,10,1
100.0,100.0,0.363636,62.550948,0.0,0.0,4e-05,1.6e-05,0.399817,2e-05,0.105,500,300,50,0.1,0.105,10,1
-100.0,-100.0,0.454545,,,,,,,,0.105,500,300,50,0.1,0.105,10,1
-77.777778,-77.777778,0.454545,,,,,,,,0.105,500,300,50,0.1,0.105,10,1
-55.555556,-55.555556,0.454545,,,,,,,,0.105,500,300,50,0.1,0.105,10,1
-33.333333,-33.333333,0.454545,,,,,,,,0.105,500,300,50,0.1,0.105,10,1
-11.111111,-11.111111,0.454545,,,,,,,,0.105,500,300,50,0.1,0.105,10,1
11.111111,11.111111,0.454545,,,,,,,,0.105,500,300,50,0.1,0.105,10,1
33.333333,33.333333,0.454545,2.969386,0.000253,0.000294,0.014757,0.012637,0.856318,0.000645,0.105,500,300,50,0.1,0.105,10,1
55.555556,55.555556,0.454545,22.536479,3e-05,3e-05,0.002411,0.001495,0.620258,0.000674,0.105,500,300,50,0.1,0.105,10,1
77.777778,77.777778,0.454545,42.547637,3e-06,3e-06,0.000334,0.000162,0.486221,0.000138,0.105,500,300,50,0.1,0.105,10,1
100.0,100.0,0.454545,62.550052,0.0,0.0,4.4e-05,1.8e-05,0.39982,2.2e-05,0.105,500,300,50,0.1,0.105,10,1
-100.0,-100.0,0.545455,,,,,,,,0.105,500,300,50,0.1,0.105,10,1
-77.777778,-77.777778,0.545455,,,,,,,,0.105,500,300,50,0.1,0.105,10,1
-55.555556,-55.555556,0.545455,,,,,,,,0.105,500,300,50,0.1,0.105,10,1
-33.333333,-33.333333,0.545455,,,,,,,,0.105,500,300,50,0.1,0.105,10,1
-11.111111,-11.111111,0.545455,,,,,,,,0.105,500,300,50,0.1,0.105,10,1
11.111111,11.111111,0.545455,,,,,,,,0.105,500,300,50,0.1,0.105,10,1
33.333333,33.333333,0.545455,2.965847,0.000286,0.000333,0.016678,0.014284,0.856413,0.000727,0.105,500,300,50,0.1,0.105,10,1
55.555556,55.555556,0.545455,22.531357,3.4e-05,3.4e-05,0.002727,0.001691,0.620307,0.000763,0.105,500,300,50,0.1,0.105,10,1
77.777778,77.777778,0.545455,42.542,4e-06,4e-06,0.000377,0.000183,0.486251,0.000156,0.105,500,300,50,0.1,0.105,10,1
100.0,100.0,0.545455,62.544306,0.0,0.0,5e-05,2e-05,0.399841,2.5e-05,0.105,500,300,50,0.1,0.105,10,1
-100.0,-100.0,0.636364,,,,,,,,0.105,500,300,50,0.1,0.105,10,1
-77.777778,-77.777778,0.636364,,,,,,,,0.105,500,300,50,0.1,0.105,10,1
-55.555556,-55.555556,0.636364,,,,,,,,0.105,500,300,50,0.1,0.105,10,1
-33.333333,-33.333333,0.636364,,,,,,,,0.105,500,300,50,0.1,0.105,10,1
-11.111111,-11.111111,0.636364,,,,,,,,0.105,500,300,50,0.1,0.105,10,1
11.111111,11.111111,0.636364,,,,,,,,0.105,500,300,50,0.1,0.105,10,1
33.333333,33.333333,0.636364,2.960239,0.00033,0.000385,0.019254,0.016492,0.856552,0.000837,0.105,500,300,50,0.1,0.105,10,1
55.555556,55.555556,0.636364,22.523067,3.9e-05,3.9e-05,0.00315,0.001954,0.62038,0.000881,0.105,500,300,50,0.1,0.105,10,1
77.777778,77.777778,0.636364,42.533496,4e-06,4e-06,0.000436,0.000212,0.486296,0.00018,0.105,500,300,50,0.1,0.105,10,1
100.0,100.0,0.636364,62.53576,0.0,0.0,5.7e-05,2.3e-05,0.399871,2.9e-05,0.105,500,300,50,0.1,0.105,10,1
-100.0,-100.0,0.727273,,,,,,,,0.105,500,300,50,0.1,0.105,10,1
-77.777778,-77.777778,0.727273,,,,,,,,0.105,500,300,50,0.1,0.105,10,1
-55.555556,-55.555556,0.727273,,,,,,,,0.105,500,300,50,0.1,0.105,10,1
-33.333333,-33.333333,0.727273,,,,,,,,0.105,500,300,50,0.1,0.105,10,1
-11.111111,-11.111111,0.727273,,,,,,,,0.105,500,300,50,0.1,0.105,10,1
11.111111,11.111111,0.727273,,,,,,,,0.105,500,300,50,0.1,0.105,10,1
33.333333,33.333333,0.727273,2.953917,0.000382,0.000447,0.022322,0.019124,0.856706,0.000966,0.105,500,300,50,0.1,0.105,10,1
55.555556,55.555556,0.727273,22.513481,4.5e-05,4.5e-05,0.003656,0.002268,0.620461,0.001022,0.105,500,300,50,0.1,0.105,10,1
77.777778,77.777778,0.727273,42.524025,5e-06,5e-06,0.000506,0.000246,0.486346,0.000209,0.105,500,300,50,0.1,0.105,10,1
100.0,100.0,0.727273,62.526323,1e-06,1e-06,6.7e-05,2.7e-05,0.399905,3.3e-05,0.105,500,300,50,0.1,0.105,10,1
-100.0,-100.0,0.818182,,,,,,,,0.105,500,300,50,0.1,0.105,10,1
-77.777778,-77.777778,0.818182,,,,,,,,0.105,500,300,50,0.1,0.105,10,1
-55.555556,-55.555556,0.818182,,,,,,,,0.105,500,300,50,0.1,0.105,10,1
-33.333333,-33.333333,0.818182,,,,,,,,0.105,500,300,50,0.1,0.105,10,1
-11.111111,-11.111111,0.818182,,,,,,,,0.105,500,300,50,0.1,0.105,10,1
11.111111,11.111111,0.818182,,,,,,,,0.105,500,300,50,0.1,0.105,10,1
33.333333,33.333333,0.818182,2.948399,0.000439,0.000514,0.025608,0.021942,0.856857,0.001105,0.105,500,300,50,0.1,0.105,10,1
55.555556,55.555556,0.818182,22.503931,5.2e-05,5.2e-05,0.004198,0.002605,0.62054,0.001173,0.105,500,300,50,0.1,0.105,10,1
77.777778,77.777778,0.818182,42.514676,6e-06,6e-06,0.000581,0.000282,0.486394,0.00024,0.105,500,300,50,0.1,0.105,10,1
100.0,100.0,0.818182,62.517045,1e-06,1e-06,7.7e-05,3.1e-05,0.399938,3.8e-05,0.105,500,300,50,0.1,0.105,10,1
-100.0,-100.0,0.909091,,,,,,,,0.105,500,300,50,0.1,0.105,10,1
-77.777778,-77.777778,0.909091,,,,,,,,0.105,500,300,50,0.1,0.105,10,1
-55.555556,-55.555556,0.909091,,,,,,,,0.105,500,300,50,0.1,0.105,10,1
-33.333333,-33.333333,0.909091,,,,,,,,0.105,500,300,50,0.1,0.105,10,1
-11.111111,-11.111111,0.909091,,,,,,,,0.105,500,300,50,0.1,0.105,10,1
11.111111,11.111111,0.909091,,,,,,,,0.105,500,300,50,0.1,0.105,10,1
33.333333,33.333333,0.909091,2.949303,0.000494,0.000581,0.028844,0.024719,0.857002,0.00124,0.105,500,300,50,0.1,0.105,10,1
55.555556,55.555556,0.909091,22.495504,5.9e-05,5.9e-05,0.004732,0.002937,0.620616,0.001322,0.105,500,300,50,0.1,0.105,10,1
77.777778,77.777778,0.909091,42.505756,6e-06,6e-06,0.000655,0.000318,0.486441,0.000271,0.105,500,300,50,0.1,0.105,10,1
100.0,100.0,0.909091,62.508168,1e-06,1e-06,8.6e-05,3.5e-05,0.399969,4.3e-05,0.105,500,300,50,0.1,0.105,10,1
-100.0,-100.0,1.0,,,,,,,,0.105,500,300,50,0.1,0.105,10,1
-77.777778,-77.777778,1.0,,,,,,,,0.105,500,300,50,0.1,0.105,10,1
-55.555556,-55.555556,1.0,,,,,,,,0.105,500,300,50,0.1,0.105,10,1
-33.333333,-33.333333,1.0,,,,,,,,0.105,500,300,50,0.1,0.105,10,1
-11.111111,-11.111111,1.0,,,,,,,,0.105,500,300,50,0.1,0.105,10,1
11.111111,11.111111,1.0,,,,,,,,0.105,500,300,50,0.1,0.105,10,1
33.333333,33.333333,1.0,2.713633,0.0006,0.000651,0.035003,0.030002,0.857143,0.0015,0.105,500,300,50,0.1,0.105,10,1
55.555556,55.555556,1.0,22.499037,6.5e-05,6.5e-05,0.005234,0.003249,0.62069,0.001462,0.105,500,300,50,0.1,0.105,10,1
77.777778,77.777778,1.0,42.442055,7e-06,7e-06,0.000725,0.000353,0.486486,0.0003,0.105,500,300,50,0.1,0.105,10,1
100.0,100.0,1.0,62.479245,1e-06,1e-06,9.5e-05,3.8e-05,0.4,4.8e-05,0.105,500,300,50,0.1,0.105,10,1
